route_id,simulation_samples,success_probability,overrun_probability,expected_days,p90_days,p95_days,expected_cost_yuan,p95_cost_yuan,expected_loss,cvar75_loss,cvar90_loss,expected_red_days,prob_red_days_gt1,mean_simulated_comfort,p10_simulated_comfort,chance_constraint_pass,simulation_note
Q1V3_Q20_032,500,0.762,0.0,23.034,23.0,23.0,9979.63,11988.21,1363.862,2193.499,2552.922,4.758,1.0,81.628,75.32,False,route-specific Monte Carlo；扰动由路线交通方式、缓冲日、预约点、酒店压力和高温暴露共同驱动
Q1V3_Q20_031,500,0.804,0.0,23.04,23.0,23.0,12161.21,14640.09,1212.44,2171.474,2540.019,3.756,1.0,82.599,77.52,True,route-specific Monte Carlo；扰动由路线交通方式、缓冲日、预约点、酒店压力和高温暴露共同驱动
Q1V3_Q20_008,500,0.852,0.0,21.014,21.0,21.0,9088.95,10872.29,871.577,1652.502,1951.301,2.72,1.0,83.415,79.814,True,route-specific Monte Carlo；扰动由路线交通方式、缓冲日、预约点、酒店压力和高温暴露共同驱动
Q1V3_Q20_044,500,0.852,0.0,20.05,20.0,20.05,9060.67,10941.5,879.243,1632.696,1938.867,2.742,1.0,82.885,78.97,True,route-specific Monte Carlo；扰动由路线交通方式、缓冲日、预约点、酒店压力和高温暴露共同驱动
Q1V3_Q20_043,500,0.86,0.0,21.022,21.0,21.0,11289.47,13603.18,932.516,1763.627,2068.539,2.704,1.0,84.109,80.68,True,route-specific Monte Carlo；扰动由路线交通方式、缓冲日、预约点、酒店压力和高温暴露共同驱动
Q1V3_Q20_007,500,0.844,0.0,19.016,19.0,19.0,9564.77,11517.48,860.68,1623.599,1947.531,2.74,1.0,80.277,76.323,True,route-specific Monte Carlo；扰动由路线交通方式、缓冲日、预约点、酒店压力和高温暴露共同驱动
Q1V3_Q20_011,500,0.86,0.0,21.028,21.0,21.0,11053.27,13331.94,737.572,1603.971,1940.872,1.676,0.562,85.546,82.019,True,route-specific Monte Carlo；扰动由路线交通方式、缓冲日、预约点、酒店压力和高温暴露共同驱动
Q1V3_Q20_012,500,0.85,0.0,21.016,21.0,21.0,9037.93,10839.18,693.642,1479.156,1784.162,1.666,0.558,86.561,83.053,True,route-specific Monte Carlo；扰动由路线交通方式、缓冲日、预约点、酒店压力和高温暴露共同驱动
Q1V3_Q20_038,500,0.864,0.0,21.02,21.0,21.0,9360.49,11239.69,1053.393,1847.626,2186.321,3.714,1.0,84.031,80.085,True,route-specific Monte Carlo；扰动由路线交通方式、缓冲日、预约点、酒店压力和高温暴露共同驱动
Q1V3_Q20_037,500,0.806,0.0,22.034,22.0,22.0,11551.59,13983.02,973.937,1873.082,2218.762,2.706,1.0,84.97,81.08,True,route-specific Monte Carlo；扰动由路线交通方式、缓冲日、预约点、酒店压力和高温暴露共同驱动
Q1V3_Q20_004,500,0.836,0.0,22.03,22.0,22.0,9787.96,11740.86,1097.324,1894.148,2186.875,3.74,1.0,83.45,79.442,True,route-specific Monte Carlo；扰动由路线交通方式、缓冲日、预约点、酒店压力和高温暴露共同驱动
Q1V3_Q20_002,500,0.834,0.0,19.046,19.0,19.0,11926.52,14336.81,1147.693,2062.637,2410.2,3.728,1.0,81.099,77.504,True,route-specific Monte Carlo；扰动由路线交通方式、缓冲日、预约点、酒店压力和高温暴露共同驱动
Q1V3_Q20_001,500,0.824,0.0,19.028,19.0,19.0,11953.65,14307.31,1175.553,2083.223,2441.926,3.714,1.0,80.426,76.727,True,route-specific Monte Carlo；扰动由路线交通方式、缓冲日、预约点、酒店压力和高温暴露共同驱动
Q1V3_Q20_003,500,0.836,0.0,22.038,22.0,22.0,12113.4,14548.24,984.127,1893.869,2226.516,2.736,1.0,83.109,79.64,True,route-specific Monte Carlo；扰动由路线交通方式、缓冲日、预约点、酒店压力和高温暴露共同驱动
Q1V3_Q20_020,500,0.84,0.0,21.034,21.0,21.0,9484.27,11378.39,1076.5,1823.613,2149.368,3.728,1.0,83.701,79.913,True,route-specific Monte Carlo；扰动由路线交通方式、缓冲日、预约点、酒店压力和高温暴露共同驱动
Q1V3_Q20_019,500,0.856,0.0,22.04,22.0,22.0,11405.91,13628.1,1115.977,1949.67,2253.668,3.716,1.0,85.392,81.756,True,route-specific Monte Carlo；扰动由路线交通方式、缓冲日、预约点、酒店压力和高温暴露共同驱动
Q1V3_Q20_052,500,0.782,0.0,21.024,21.0,21.0,10020.02,12019.61,1284.072,2161.266,2480.157,4.742,1.0,79.523,74.89,False,route-specific Monte Carlo；扰动由路线交通方式、缓冲日、预约点、酒店压力和高温暴露共同驱动
Q1V3_Q20_051,500,0.822,0.0,23.044,23.0,23.0,11976.63,14335.06,1369.368,2283.89,2613.436,4.76,1.0,82.338,77.497,True,route-specific Monte Carlo；扰动由路线交通方式、缓冲日、预约点、酒店压力和高温暴露共同驱动
Q1V3_Q22_098,500,0.832,0.0,22.034,22.0,22.0,10184.53,12285.15,1294.597,2109.562,2457.4,4.766,1.0,81.32,77.749,True,route-specific Monte Carlo；扰动由路线交通方式、缓冲日、预约点、酒店压力和高温暴露共同驱动
Q1V3_Q22_097,500,0.834,0.0,21.014,21.0,21.0,12528.31,15059.44,834.719,1746.211,2012.024,1.748,0.63,80.381,76.716,True,route-specific Monte Carlo；扰动由路线交通方式、缓冲日、预约点、酒店压力和高温暴露共同驱动
Q1V3_Q22_086,500,0.834,0.0,22.026,22.0,22.0,12725.61,15265.57,1348.886,2280.355,2604.605,4.734,1.0,82.636,79.185,True,route-specific Monte Carlo；扰动由路线交通方式、缓冲日、预约点、酒店压力和高温暴露共同驱动
Q1V3_Q22_066,500,0.812,0.0,25.036,25.0,25.0,10830.06,13052.76,987.443,1874.397,2229.772,2.764,1.0,85.495,81.394,True,route-specific Monte Carlo；扰动由路线交通方式、缓冲日、预约点、酒店压力和高温暴露共同驱动
Q1V3_Q22_065,500,0.824,0.0,25.04,25.0,25.0,11260.71,13589.51,987.79,1860.875,2262.31,2.772,1.0,84.969,81.091,True,route-specific Monte Carlo；扰动由路线交通方式、缓冲日、预约点、酒店压力和高温暴露共同驱动
Q1V3_Q22_085,500,0.822,0.0,24.016,24.0,24.0,11615.03,13990.18,1381.008,2294.67,2664.697,4.756,1.0,81.816,78.142,True,route-specific Monte Carlo；扰动由路线交通方式、缓冲日、预约点、酒店压力和高温暴露共同驱动
Q1V3_Q22_062,500,0.818,0.0,23.028,23.0,23.0,10172.89,12190.47,1144.759,1953.694,2266.769,3.76,1.0,83.706,79.426,True,route-specific Monte Carlo；扰动由路线交通方式、缓冲日、预约点、酒店压力和高温暴露共同驱动
Q1V3_Q22_070,500,0.806,0.0,23.034,23.0,23.0,9640.34,11677.77,785.56,1604.878,1938.258,1.744,0.622,85.086,81.307,True,route-specific Monte Carlo；扰动由路线交通方式、缓冲日、预约点、酒店压力和高温暴露共同驱动
Q1V3_Q22_060,500,0.826,0.0,21.04,21.0,21.0,12315.71,14707.54,1184.657,2111.545,2478.583,3.746,1.0,82.739,79.027,True,route-specific Monte Carlo；扰动由路线交通方式、缓冲日、预约点、酒店压力和高温暴露共同驱动
Q1V3_Q22_061,500,0.834,0.0,24.03,24.0,24.0,12341.01,14791.43,1025.03,1927.532,2247.351,2.742,1.0,85.113,81.203,True,route-specific Monte Carlo；扰动由路线交通方式、缓冲日、预约点、酒店压力和高温暴露共同驱动
Q1V3_Q22_059,500,0.826,0.0,21.038,21.0,21.0,12341.79,14829.34,1194.719,2113.302,2455.116,3.748,1.0,82.174,78.415,True,route-specific Monte Carlo；扰动由路线交通方式、缓冲日、预约点、酒店压力和高温暴露共同驱动
Q1V3_Q22_091,500,0.824,0.0,23.038,23.0,23.0,12219.88,14676.48,1024.818,1957.215,2299.366,2.742,1.0,84.777,81.136,True,route-specific Monte Carlo；扰动由路线交通方式、缓冲日、预约点、酒店压力和高温暴露共同驱动
Q1V3_Q22_092,500,0.82,0.0,23.026,23.0,23.0,10201.51,12281.09,973.696,1814.521,2187.975,2.734,1.0,85.371,81.619,True,route-specific Monte Carlo；扰动由路线交通方式、缓冲日、预约点、酒店压力和高温暴露共同驱动
Q1V3_Q22_069,500,0.822,0.0,23.034,23.0,23.0,11845.08,14186.2,1017.419,1911.921,2235.261,2.726,1.0,84.602,80.799,True,route-specific Monte Carlo；扰动由路线交通方式、缓冲日、预约点、酒店压力和高温暴露共同驱动
Q1V3_Q22_106,500,0.83,0.0,23.026,23.0,23.0,10304.35,12412.92,1151.84,1984.425,2331.93,3.76,1.0,82.185,77.721,True,route-specific Monte Carlo；扰动由路线交通方式、缓冲日、预约点、酒店压力和高温暴露共同驱动
Q1V3_Q22_105,500,0.824,0.0,25.026,25.0,25.0,12475.24,14953.52,1228.178,2184.88,2507.109,3.748,1.0,83.976,79.578,True,route-specific Monte Carlo；扰动由路线交通方式、缓冲日、预约点、酒店压力和高温暴露共同驱动
Q1V3_Q22_084,500,0.816,0.0,23.024,23.0,23.0,10195.1,12210.75,1343.414,2170.99,2501.828,4.752,1.0,82.407,77.77,True,route-specific Monte Carlo；扰动由路线交通方式、缓冲日、预约点、酒店压力和高温暴露共同驱动
Q1V3_Q22_083,500,0.82,0.0,24.018,24.0,24.0,12468.68,14923.52,1233.017,2134.201,2473.105,3.732,1.0,83.552,79.455,True,route-specific Monte Carlo；扰动由路线交通方式、缓冲日、预约点、酒店压力和高温暴露共同驱动
Q1V3_Q24_151,500,0.798,0.0,26.034,26.0,26.0,11965.26,14413.39,1593.091,2547.858,2872.571,5.82,1.0,81.233,76.987,False,route-specific Monte Carlo；扰动由路线交通方式、缓冲日、预约点、酒店压力和高温暴露共同驱动
Q1V3_Q24_150,500,0.812,0.0,26.038,26.0,26.0,12555.15,15078.46,1055.337,2000.369,2326.352,2.818,1.0,82.842,78.345,True,route-specific Monte Carlo；扰动由路线交通方式、缓冲日、预约点、酒店压力和高温暴露共同驱动
Q1V3_Q24_120,500,0.824,0.0,25.036,25.0,25.0,11134.74,13360.43,1030.675,1887.614,2257.505,2.778,1.0,83.529,79.038,True,route-specific Monte Carlo；扰动由路线交通方式、缓冲日、预约点、酒店压力和高温暴露共同驱动
Q1V3_Q24_119,500,0.818,0.0,25.014,25.0,25.0,11548.34,13951.84,1018.514,1971.218,2409.607,2.758,1.0,83.042,78.515,True,route-specific Monte Carlo；扰动由路线交通方式、缓冲日、预约点、酒店压力和高温暴露共同驱动
Q1V3_Q24_141,500,0.798,0.0,25.014,25.0,25.0,11950.43,14313.27,1590.044,2590.064,2953.411,5.804,1.0,80.328,76.386,False,route-specific Monte Carlo；扰动由路线交通方式、缓冲日、预约点、酒店压力和高温暴露共同驱动
Q1V3_Q24_140,500,0.798,0.0,26.038,26.0,26.0,12192.42,14615.43,1244.906,2178.101,2526.938,3.816,1.0,81.875,77.742,False,route-specific Monte Carlo；扰动由路线交通方式、缓冲日、预约点、酒店压力和高温暴露共同驱动
Q1V3_Q24_124,500,0.82,0.0,25.036,25.0,25.0,10800.33,13011.15,1014.225,1884.401,2229.228,2.786,1.0,84.332,80.521,True,route-specific Monte Carlo；扰动由路线交通方式、缓冲日、预约点、酒店压力和高温暴露共同驱动
Q1V3_Q24_123,500,0.786,0.0,25.022,25.0,25.0,13008.3,15661.8,1278.871,2279.539,2643.315,3.776,1.0,84.098,80.173,False,route-specific Monte Carlo；扰动由路线交通方式、缓冲日、预约点、酒店压力和高温暴露共同驱动
Q1V3_Q24_115,500,0.79,0.0,26.04,26.0,26.0,13169.08,15770.78,1312.873,2358.598,2759.605,3.796,1.0,83.824,79.706,False,route-specific Monte Carlo；扰动由路线交通方式、缓冲日、预约点、酒店压力和高温暴露共同驱动
Q1V3_Q24_116,500,0.79,0.0,25.038,25.0,25.0,11148.97,13427.32,1241.697,2163.061,2554.831,3.794,1.0,83.353,78.771,False,route-specific Monte Carlo；扰动由路线交通方式、缓冲日、预约点、酒店压力和高温暴露共同驱动
Q1V3_Q24_114,500,0.818,0.0,23.026,23.0,23.0,13119.43,15697.09,1262.079,2257.728,2606.344,3.78,1.0,82.379,78.212,True,route-specific Monte Carlo；扰动由路线交通方式、缓冲日、预约点、酒店压力和高温暴露共同驱动
Q1V3_Q24_113,500,0.808,0.0,22.032,22.0,22.0,13137.58,15676.24,1269.287,2247.601,2617.45,3.788,1.0,80.944,76.617,True,route-specific Monte Carlo；扰动由路线交通方式、缓冲日、预约点、酒店压力和高温暴露共同驱动
Q1V3_Q24_139,500,0.794,0.0,26.06,26.0,27.0,11165.48,13454.78,1241.302,2126.776,2459.297,3.798,1.0,83.457,78.254,False,route-specific Monte Carlo；扰动由路线交通方式、缓冲日、预约点、酒店压力和高温暴露共同驱动
Q1V3_Q24_138,500,0.808,0.0,26.032,26.0,26.0,13383.28,16033.97,1466.429,2468.441,2777.22,4.786,1.0,83.04,78.368,True,route-specific Monte Carlo；扰动由路线交通方式、缓冲日、预约点、酒店压力和高温暴露共同驱动
Q1V3_Q24_159,500,0.798,0.0,27.19,28.0,28.0,11334.22,13604.73,1424.379,2369.007,2738.603,4.822,1.0,83.088,77.773,False,route-specific Monte Carlo；扰动由路线交通方式、缓冲日、预约点、酒店压力和高温暴露共同驱动
Q1V3_Q24_158,500,0.798,0.0,27.122,28.0,28.0,13614.75,16328.59,1489.966,2533.017,2912.894,4.792,1.0,82.659,78.079,False,route-specific Monte Carlo；扰动由路线交通方式、缓冲日、预约点、酒店压力和高温暴露共同驱动
Q1V3_Q24_131,500,0.812,0.0,25.028,25.0,25.0,11122.37,13318.76,1022.766,1860.806,2191.001,2.784,1.0,83.617,79.266,True,route-specific Monte Carlo；扰动由路线交通方式、缓冲日、预约点、酒店压力和高温暴露共同驱动
Q1V3_Q24_165,500,0.716,0.0,22.018,22.0,22.0,11031.56,13174.97,1721.289,2600.561,2954.761,6.774,1.0,77.924,73.822,False,route-specific Monte Carlo；扰动由路线交通方式、缓冲日、预约点、酒店压力和高温暴露共同驱动
Q1V3_Q26_196,500,0.798,0.0,25.036,25.0,25.0,11573.57,13918.2,1436.775,2377.139,2718.952,4.806,1.0,81.768,77.176,False,route-specific Monte Carlo；扰动由路线交通方式、缓冲日、预约点、酒店压力和高温暴露共同驱动
Q1V3_Q26_195,500,0.774,0.0,26.022,26.0,26.0,12476.71,15019.64,1119.092,2080.303,2461.121,2.808,1.0,81.855,77.806,False,route-specific Monte Carlo；扰动由路线交通方式、缓冲日、预约点、酒店压力和高温暴露共同驱动
Q1V3_Q26_207,500,0.762,0.012,28.456,30.0,30.0,12753.19,15407.11,1690.741,2730.582,3168.883,5.844,1.0,83.339,78.199,False,route-specific Monte Carlo；扰动由路线交通方式、缓冲日、预约点、酒店压力和高温暴露共同驱动
Q1V3_Q26_206,500,0.76,0.014,28.434,30.0,30.0,12924.69,15540.52,1499.18,2568.617,2960.418,4.82,1.0,82.9,77.427,False,route-specific Monte Carlo；扰动由路线交通方式、缓冲日、预约点、酒店压力和高温暴露共同驱动
Q1V3_Q26_175,500,0.59,0.29,30.052,32.0,33.0,13531.92,16254.69,1790.27,3518.621,4131.962,3.856,1.0,79.907,74.078,False,route-specific Monte Carlo；扰动由路线交通方式、缓冲日、预约点、酒店压力和高温暴露共同驱动
Q1V3_Q26_174,500,0.0,1.0,31.874,34.0,35.0,13903.28,16721.44,3060.603,5194.461,5944.354,3.852,1.0,80.305,73.447,False,route-specific Monte Carlo；扰动由路线交通方式、缓冲日、预约点、酒店压力和高温暴露共同驱动
Q1V3_Q26_167,500,0.762,0.0,26.044,26.0,26.0,13877.0,16689.12,1360.02,2430.022,2814.303,3.808,1.0,82.3,78.175,False,route-specific Monte Carlo；扰动由路线交通方式、缓冲日、预约点、酒店压力和高温暴露共同驱动
Q1V3_Q26_179,500,0.778,0.004,28.366,29.0,30.0,12070.33,14500.03,1312.901,2238.381,2585.271,3.83,1.0,83.561,78.916,False,route-specific Monte Carlo；扰动由路线交通方式、缓冲日、预约点、酒店压力和高温暴露共同驱动
Q1V3_Q26_166,500,0.796,0.0,24.028,24.0,24.0,13925.73,16784.81,1322.673,2399.761,2785.533,3.802,1.0,80.979,76.591,False,route-specific Monte Carlo；扰动由路线交通方式、缓冲日、预约点、酒店压力和高温暴露共同驱动
Q1V3_Q26_215,500,0.758,0.034,28.45,30.0,30.0,11856.6,14271.78,1487.575,2483.818,2877.061,4.818,1.0,83.119,76.903,False,route-specific Monte Carlo；扰动由路线交通方式、缓冲日、预约点、酒店压力和高温暴露共同驱动
Q1V3_Q26_214,500,0.764,0.0,27.196,28.0,28.0,14029.23,16854.14,1514.703,2553.821,2938.263,4.82,1.0,82.647,77.375,False,route-specific Monte Carlo；扰动由路线交通方式、缓冲日、预约点、酒店压力和高温暴露共同驱动
Q1V3_Q26_169,500,0.75,0.016,28.436,30.0,30.0,11900.91,14291.8,1323.992,2333.283,2765.41,3.824,1.0,83.187,77.729,False,route-specific Monte Carlo；扰动由路线交通方式、缓冲日、预约点、酒店压力和高温暴露共同驱动
Q1V3_Q26_168,500,0.774,0.004,28.328,29.0,30.0,14127.66,16998.54,1563.6,2636.681,3025.999,4.816,1.0,82.932,78.174,False,route-specific Monte Carlo；扰动由路线交通方式、缓冲日、预约点、酒店压力和高温暴露共同驱动
Q1V3_Q26_178,500,0.802,0.0,28.362,29.0,30.0,12657.23,15210.83,1478.331,2462.005,2833.056,4.824,1.0,82.951,78.735,True,route-specific Monte Carlo；扰动由路线交通方式、缓冲日、预约点、酒店压力和高温暴露共同驱动
Q1V3_Q26_171,500,0.614,0.232,29.914,32.0,32.0,12549.56,15084.9,1854.685,3368.6,3904.819,4.828,1.0,82.354,76.606,False,route-specific Monte Carlo；扰动由路线交通方式、缓冲日、预约点、酒店压力和高温暴露共同驱动
Q1V3_Q26_170,500,0.784,0.016,28.498,30.0,30.0,13152.17,15823.03,1533.082,2572.318,3007.827,4.828,1.0,82.193,77.054,False,route-specific Monte Carlo；扰动由路线交通方式、缓冲日、预约点、酒店压力和高温暴露共同驱动
Q1V3_Q26_201,500,0.698,0.076,28.578,30.0,31.0,12665.85,15214.62,1796.04,2859.012,3292.663,5.856,1.0,80.068,73.897,False,route-specific Monte Carlo；扰动由路线交通方式、缓冲日、预约点、酒店压力和高温暴露共同驱动
Q1V3_Q26_176,500,0.8,0.0,26.008,26.0,26.0,14020.75,16844.67,1314.238,2393.088,2803.382,3.78,1.0,81.534,77.489,True,route-specific Monte Carlo；扰动由路线交通方式、缓冲日、预约点、酒店压力和高温暴露共同驱动
Q1V3_Q28_272,500,0.0,1.0,32.892,36.0,36.0,13037.47,15646.97,4027.568,6341.914,7404.888,3.854,1.0,83.262,75.197,False,route-specific Monte Carlo；扰动由路线交通方式、缓冲日、预约点、酒店压力和高温暴露共同驱动
Q1V3_Q28_271,500,0.586,0.282,30.116,33.0,33.0,13617.33,16343.14,2067.606,4008.329,4718.836,4.846,1.0,82.093,75.322,False,route-specific Monte Carlo；扰动由路线交通方式、缓冲日、预约点、酒店压力和高温暴露共同驱动
Q1V3_Q28_262,500,0.0,1.0,33.732,35.0,36.0,13549.84,16273.1,5084.734,6885.335,7446.304,5.832,1.0,83.722,78.603,False,route-specific Monte Carlo；扰动由路线交通方式、缓冲日、预约点、酒店压力和高温暴露共同驱动
Q1V3_Q28_261,500,0.0,1.0,33.704,35.0,36.0,13586.47,16354.13,4875.301,6647.024,7285.058,4.844,1.0,83.594,79.034,False,route-specific Monte Carlo；扰动由路线交通方式、缓冲日、预约点、酒店压力和高温暴露共同驱动
Q1V3_Q28_231,500,0.0,1.0,34.782,37.0,37.0,13758.88,16522.57,6065.381,8038.264,8574.883,5.844,1.0,84.195,78.832,False,route-specific Monte Carlo；扰动由路线交通方式、缓冲日、预约点、酒店压力和高温暴露共同驱动
Q1V3_Q28_230,500,0.0,1.0,34.692,36.0,36.0,14098.84,16939.08,5811.115,7642.023,8276.836,4.836,1.0,84.345,79.572,False,route-specific Monte Carlo；扰动由路线交通方式、缓冲日、预约点、酒店压力和高温暴露共同驱动
Q1V3_Q28_251,500,0.0,1.0,32.808,35.0,36.0,14038.43,16856.33,4451.072,6454.237,7135.384,6.828,1.0,82.862,76.311,False,route-specific Monte Carlo；扰动由路线交通方式、缓冲日、预约点、酒店压力和高温暴露共同驱动
Q1V3_Q28_250,500,0.0,1.0,32.744,35.0,35.0,14005.52,16854.74,4037.316,6009.01,6645.4,4.832,1.0,83.295,77.223,False,route-specific Monte Carlo；扰动由路线交通方式、缓冲日、预约点、酒店压力和高温暴露共同驱动
Q1V3_Q28_223,500,0.79,0.0,28.3,29.0,29.0,14433.35,17275.52,1346.26,2381.33,2737.095,3.806,1.0,82.954,78.592,False,route-specific Monte Carlo；扰动由路线交通方式、缓冲日、预约点、酒店压力和高温暴露共同驱动
Q1V3_Q28_224,500,0.0,1.0,31.528,32.1,33.0,14776.94,17772.99,2749.569,4376.197,4934.891,3.816,1.0,83.578,79.296,False,route-specific Monte Carlo；扰动由路线交通方式、缓冲日、预约点、酒店压力和高温暴露共同驱动
Q1V3_Q28_270,500,0.0,1.0,31.746,34.0,35.0,12354.69,14916.03,2734.601,4662.433,5468.037,2.82,1.0,84.193,76.686,False,route-specific Monte Carlo；扰动由路线交通方式、缓冲日、预约点、酒店压力和高温暴露共同驱动
Q1V3_Q28_234,500,0.644,0.224,29.79,31.0,31.0,12420.14,14919.85,1900.958,3128.831,3610.965,5.836,1.0,83.038,78.598,False,route-specific Monte Carlo；扰动由路线交通方式、缓冲日、预约点、酒店压力和高温暴露共同驱动
Q1V3_Q28_225,500,0.774,0.0,28.35,29.0,30.0,12417.52,14939.17,1664.961,2678.481,3072.217,5.814,1.0,82.141,77.76,False,route-specific Monte Carlo；扰动由路线交通方式、缓冲日、预约点、酒店压力和高温暴露共同驱动
Q1V3_Q28_222,500,0.786,0.0,26.066,26.0,27.0,14716.23,17584.66,1343.87,2358.679,2740.414,3.832,1.0,81.313,76.693,False,route-specific Monte Carlo；扰动由路线交通方式、缓冲日、预约点、酒店压力和高温暴露共同驱动
Q1V3_Q28_269,500,0.648,0.198,29.868,32.0,32.0,14580.32,17508.72,1906.31,3404.142,3946.525,4.818,1.0,82.817,76.412,False,route-specific Monte Carlo；扰动由路线交通方式、缓冲日、预约点、酒店压力和高温暴露共同驱动
Q1V3_Q28_226,500,0.0,1.0,31.808,34.0,34.0,13999.78,16846.75,3176.761,5064.127,5557.516,4.83,1.0,82.542,77.472,False,route-specific Monte Carlo；扰动由路线交通方式、缓冲日、预约点、酒店压力和高温暴露共同驱动
Q1V3_Q28_238,500,0.678,0.168,29.744,31.0,31.0,13768.08,16543.37,2234.524,3607.839,4150.404,7.836,1.0,80.608,76.75,False,route-specific Monte Carlo；扰动由路线交通方式、缓冲日、预约点、酒店压力和高温暴露共同驱动
Q1V3_Q28_255,500,0.602,0.278,29.994,32.0,32.0,13073.46,15692.19,2135.706,3775.916,4465.628,5.838,1.0,80.158,74.459,False,route-specific Monte Carlo；扰动由路线交通方式、缓冲日、预约点、酒店压力和高温暴露共同驱动
Q1V3_Q30_330,500,0.0,1.0,34.932,38.0,38.0,13661.08,16396.4,5855.77,8226.951,9195.091,3.86,1.0,83.805,76.247,False,route-specific Monte Carlo；扰动由路线交通方式、缓冲日、预约点、酒店压力和高温暴露共同驱动
Q1V3_Q30_329,500,0.0,1.0,32.996,36.0,36.0,14462.75,17347.14,4287.525,6610.285,7371.441,4.866,1.0,82.401,75.664,False,route-specific Monte Carlo；扰动由路线交通方式、缓冲日、预约点、酒店压力和高温暴露共同驱动
Q1V3_Q30_308,500,0.0,1.0,32.764,35.0,35.0,13661.6,16361.49,4025.441,5958.771,6568.538,4.832,1.0,83.362,77.103,False,route-specific Monte Carlo；扰动由路线交通方式、缓冲日、预约点、酒店压力和高温暴露共同驱动
Q1V3_Q30_307,500,0.0,1.0,33.634,35.0,36.0,15923.14,19087.56,4861.229,6663.482,7211.414,4.804,1.0,83.986,78.62,False,route-specific Monte Carlo；扰动由路线交通方式、缓冲日、预约点、酒店压力和高温暴露共同驱动
Q1V3_Q30_288,500,0.0,1.0,33.916,36.0,37.0,15334.73,18537.3,5377.079,7530.512,8123.597,5.86,1.0,80.354,74.05,False,route-specific Monte Carlo；扰动由路线交通方式、缓冲日、预约点、酒店压力和高温暴露共同驱动
Q1V3_Q30_287,500,0.0,1.0,34.852,37.0,37.0,15279.57,18363.05,6504.474,8487.177,9064.69,7.854,1.0,82.158,76.577,False,route-specific Monte Carlo；扰动由路线交通方式、缓冲日、预约点、酒店压力和高温暴露共同驱动
Q1V3_Q30_319,500,0.0,1.0,34.926,37.0,37.0,15105.88,18114.08,6619.179,8727.008,9402.74,7.876,1.0,79.721,73.351,False,route-specific Monte Carlo；扰动由路线交通方式、缓冲日、预约点、酒店压力和高温暴露共同驱动
Q1V3_Q30_320,500,0.0,1.0,34.004,36.0,37.0,15330.49,18429.37,5791.635,8081.753,8822.866,7.868,1.0,78.54,72.142,False,route-specific Monte Carlo；扰动由路线交通方式、缓冲日、预约点、酒店压力和高温暴露共同驱动
Q1V3_Q30_280,500,0.634,0.206,29.828,32.0,32.0,14894.12,17905.98,1698.315,3172.31,3747.005,3.812,1.0,82.182,76.665,False,route-specific Monte Carlo；扰动由路线交通方式、缓冲日、预约点、酒店压力和高温暴露共同驱动
Q1V3_Q30_282,500,0.0,1.0,32.736,35.0,35.0,12901.24,15601.25,4015.644,5931.618,6543.025,4.832,1.0,84.124,77.957,False,route-specific Monte Carlo；扰动由路线交通方式、缓冲日、预约点、酒店压力和高温暴露共同驱动
Q1V3_Q30_281,500,0.0,1.0,32.664,34.0,35.0,15249.42,18309.34,3839.066,5621.853,6092.651,3.816,1.0,83.411,78.265,False,route-specific Monte Carlo；扰动由路线交通方式、缓冲日、预约点、酒店压力和高温暴露共同驱动
Q1V3_Q30_279,500,0.716,0.078,28.522,30.0,31.0,15197.34,18311.48,1491.138,2594.068,2981.881,3.83,1.0,82.018,75.966,False,route-specific Monte Carlo；扰动由路线交通方式、缓冲日、预约点、酒店压力和高温暴露共同驱动
Q1V3_Q30_284,500,0.0,1.0,34.786,36.0,37.0,14258.39,17194.3,6276.048,8126.613,8645.137,6.85,1.0,83.052,78.013,False,route-specific Monte Carlo；扰动由路线交通方式、缓冲日、预约点、酒店压力和高温暴露共同驱动
Q1V3_Q30_306,500,0.0,1.0,34.926,37.0,38.0,14821.71,17861.84,6447.78,8621.102,9320.347,6.856,1.0,81.296,75.321,False,route-specific Monte Carlo；扰动由路线交通方式、缓冲日、预约点、酒店压力和高温暴露共同驱动
Q1V3_Q30_314,500,0.0,1.0,32.796,34.0,35.0,14240.7,17113.75,4641.47,6537.435,7142.343,7.86,1.0,80.636,75.406,False,route-specific Monte Carlo；扰动由路线交通方式、缓冲日、预约点、酒店压力和高温暴露共同驱动
Q1V3_Q30_322,500,0.0,1.0,36.94,39.0,39.0,15169.55,18231.18,8442.959,10543.907,11195.416,7.87,1.0,83.204,77.39,False,route-specific Monte Carlo；扰动由路线交通方式、缓冲日、预约点、酒店压力和高温暴露共同驱动
Q1V3_Q30_283,500,0.0,1.0,34.77,36.0,37.0,14189.99,17061.57,6056.057,7806.567,8300.006,5.85,1.0,83.04,78.578,False,route-specific Monte Carlo；扰动由路线交通方式、缓冲日、预约点、酒店压力和高温暴露共同驱动
Q1V3_Q30_336,500,0.0,1.0,32.764,34.0,35.0,14128.61,16992.43,4074.313,5971.915,6562.334,4.862,1.0,81.551,76.049,False,route-specific Monte Carlo；扰动由路线交通方式、缓冲日、预约点、酒店压力和高温暴露共同驱动
Q1V3_Q32_379,500,0.0,1.0,33.844,36.0,36.0,14233.3,17101.63,5259.797,7239.557,7840.366,5.856,1.0,80.846,75.045,False,route-specific Monte Carlo；扰动由路线交通方式、缓冲日、预约点、酒店压力和高温暴露共同驱动
Q1V3_Q32_378,500,0.0,1.0,35.808,38.0,38.0,14660.75,17666.32,7068.523,9028.377,9567.581,5.846,1.0,83.307,78.044,False,route-specific Monte Carlo；扰动由路线交通方式、缓冲日、预约点、酒店压力和高温暴露共同驱动
Q1V3_Q32_346,500,0.0,1.0,36.766,38.0,39.0,15769.54,18976.69,7976.316,9885.922,10551.98,5.878,1.0,83.339,78.149,False,route-specific Monte Carlo；扰动由路线交通方式、缓冲日、预约点、酒店压力和高温暴露共同驱动
Q1V3_Q32_367,500,0.0,1.0,35.038,37.0,38.0,15412.12,18543.8,6420.955,8750.409,9444.224,5.874,1.0,79.796,73.408,False,route-specific Monte Carlo；扰动由路线交通方式、缓冲日、预约点、酒店压力和高温暴露共同驱动
Q1V3_Q32_366,500,0.0,1.0,37.94,40.0,40.0,15396.0,18466.67,9193.739,11277.266,11795.647,6.864,1.0,83.073,77.066,False,route-specific Monte Carlo；扰动由路线交通方式、缓冲日、预约点、酒店压力和高温暴露共同驱动
Q1V3_Q32_345,500,0.0,1.0,36.818,39.0,39.0,15965.8,19210.8,8172.219,10146.0,10844.349,6.878,1.0,82.763,77.621,False,route-specific Monte Carlo；扰动由路线交通方式、缓冲日、预约点、酒店压力和高温暴露共同驱动
Q1V3_Q32_349,500,0.0,1.0,36.956,40.0,40.0,14712.6,17677.94,8071.334,10358.916,11142.679,5.86,1.0,83.92,77.135,False,route-specific Monte Carlo；扰动由路线交通方式、缓冲日、预约点、酒店压力和高温暴露共同驱动
Q1V3_Q32_361,500,0.0,1.0,35.954,38.0,39.0,15808.66,18869.0,7783.586,10015.371,10784.791,8.878,1.0,79.818,73.787,False,route-specific Monte Carlo；扰动由路线交通方式、缓冲日、预约点、酒店压力和高温暴露共同驱动
Q1V3_Q32_394,500,0.0,1.0,36.984,40.0,40.0,15193.92,18291.2,7603.377,10046.47,10926.149,2.872,1.0,84.166,77.127,False,route-specific Monte Carlo；扰动由路线交通方式、缓冲日、预约点、酒店压力和高温暴露共同驱动
Q1V3_Q32_382,500,0.0,1.0,35.914,38.0,38.0,15601.72,18768.07,7532.604,9588.48,10168.617,7.866,1.0,81.763,76.531,False,route-specific Monte Carlo；扰动由路线交通方式、缓冲日、预约点、酒店压力和高温暴露共同驱动
Q1V3_Q32_342,500,0.0,1.0,34.884,37.0,37.0,14771.85,17809.95,6233.236,8267.597,8861.249,5.858,1.0,80.763,74.929,False,route-specific Monte Carlo；扰动由路线交通方式、缓冲日、预约点、酒店压力和高温暴露共同驱动
Q1V3_Q32_340,500,0.0,1.0,36.936,39.0,40.0,14568.34,17527.78,8063.172,10278.579,10917.981,5.848,1.0,84.262,77.49,False,route-specific Monte Carlo；扰动由路线交通方式、缓冲日、预约点、酒店压力和高温暴露共同驱动
Q1V3_Q32_341,500,0.0,1.0,34.888,37.0,37.0,14864.82,17834.51,5871.36,7991.704,8599.417,3.874,1.0,81.7,76.249,False,route-specific Monte Carlo；扰动由路线交通方式、缓冲日、预约点、酒店压力和高温暴露共同驱动
Q1V3_Q32_354,500,0.0,1.0,35.85,38.0,38.0,14728.78,17831.76,7268.055,9309.733,9925.374,6.862,1.0,82.776,76.776,False,route-specific Monte Carlo；扰动由路线交通方式、缓冲日、预约点、酒店压力和高温暴露共同驱动
Q1V3_Q32_355,500,0.0,1.0,35.848,38.0,38.0,14942.55,18004.44,7068.95,9026.211,9553.426,5.854,1.0,82.915,78.009,False,route-specific Monte Carlo；扰动由路线交通方式、缓冲日、预约点、酒店压力和高温暴露共同驱动
Q1V3_Q32_339,500,0.0,1.0,36.924,39.0,40.0,14755.58,17712.71,7895.403,10097.799,10716.7,4.862,1.0,83.68,77.004,False,route-specific Monte Carlo；扰动由路线交通方式、缓冲日、预约点、酒店压力和高温暴露共同驱动
Q1V3_Q32_371,500,0.0,1.0,35.976,38.0,39.0,15574.57,18688.45,7596.981,9933.469,10624.671,7.876,1.0,80.909,74.316,False,route-specific Monte Carlo；扰动由路线交通方式、缓冲日、预约点、酒店压力和高温暴露共同驱动
Q1V3_Q32_365,500,0.0,1.0,36.0,38.0,39.0,15525.38,18637.73,7453.52,9694.348,10383.164,6.884,1.0,80.008,73.629,False,route-specific Monte Carlo；扰动由路线交通方式、缓冲日、预约点、酒店压力和高温暴露共同驱动
