from_hub_name,to_hub_name,shortest_time_hours,shortest_distance_km,path_hubs,path_edges
乌鲁木齐市,乌鲁木齐市,0.0,0.0,乌鲁木齐市,
乌鲁木齐市,吐鲁番市,2.5,180.0,乌鲁木齐市 -> 吐鲁番市,E001
乌鲁木齐市,达坂城镇,1.5,100.0,乌鲁木齐市 -> 达坂城镇,E003
乌鲁木齐市,伊宁市(伊犁),7.0,690.0,乌鲁木齐市 -> 伊宁市(伊犁),E005
乌鲁木齐市,喀什市,18.0,1465.0,乌鲁木齐市 -> 喀什市,E007
乌鲁木齐市,阿勒泰市,6.0,500.0,乌鲁木齐市 -> 阿勒泰市,E009
乌鲁木齐市,库尔勒市,6.0,471.0,乌鲁木齐市 -> 库尔勒市,E011
乌鲁木齐市,若羌县(楼兰),12.0,941.0,乌鲁木齐市 -> 库尔勒市 -> 若羌县(楼兰),E011 -> E015
乌鲁木齐市,那拉提镇,10.0,940.0,乌鲁木齐市 -> 伊宁市(伊犁) -> 那拉提镇,E005 -> E017
乌鲁木齐市,赛里木湖,9.0,840.0,乌鲁木齐市 -> 伊宁市(伊犁) -> 赛里木湖,E005 -> E019
乌鲁木齐市,天池风景区,1.5,95.0,乌鲁木齐市 -> 天池风景区,E021
乌鲁木齐市,可可托海,6.5,530.0,乌鲁木齐市 -> 可可托海,E023
乌鲁木齐市,禾木村,7.5,620.0,乌鲁木齐市 -> 禾木村,E025
乌鲁木齐市,白哈巴,8.5,680.0,乌鲁木齐市 -> 白哈巴,E027
乌鲁木齐市,鄯善县(库木塔格沙漠),3.7,270.0,乌鲁木齐市 -> 吐鲁番市 -> 鄯善县(库木塔格沙漠),E001 -> E031
乌鲁木齐市,霍城县(惠远古城),8.0,735.0,乌鲁木齐市 -> 伊宁市(伊犁) -> 霍城县(惠远古城),E005 -> E033
乌鲁木齐市,特克斯县(八卦城),9.0,805.0,乌鲁木齐市 -> 伊宁市(伊犁) -> 特克斯县(八卦城),E005 -> E035
乌鲁木齐市,昭苏县(夏塔古道),10.5,870.0,乌鲁木齐市 -> 伊宁市(伊犁) -> 昭苏县(夏塔古道),E005 -> E037
乌鲁木齐市,巴音布鲁克,12.5,1100.0,乌鲁木齐市 -> 伊宁市(伊犁) -> 那拉提镇 -> 巴音布鲁克,E005 -> E017 -> E039
乌鲁木齐市,库车市,16.5,1360.0,乌鲁木齐市 -> 伊宁市(伊犁) -> 那拉提镇 -> 巴音布鲁克 -> 库车市,E005 -> E017 -> E039 -> E041
乌鲁木齐市,塔什库尔干县(帕米尔高原),22.5,1755.0,乌鲁木齐市 -> 喀什市 -> 塔什库尔干县(帕米尔高原),E007 -> E045
乌鲁木齐市,莎车县,20.5,1655.0,乌鲁木齐市 -> 喀什市 -> 莎车县,E007 -> E047
乌鲁木齐市,和田市,22.0,1761.0,乌鲁木齐市 -> 库尔勒市 -> 若羌县(楼兰) -> 和田市,E011 -> E015 -> E053
乌鲁木齐市,民丰县(尼雅遗址),23.5,1871.0,乌鲁木齐市 -> 库尔勒市 -> 若羌县(楼兰) -> 和田市 -> 民丰县(尼雅遗址),E011 -> E015 -> E053 -> E051
乌鲁木齐市,茫崖市,16.5,1291.0,乌鲁木齐市 -> 库尔勒市 -> 若羌县(楼兰) -> 茫崖市,E011 -> E015 -> E055
吐鲁番市,乌鲁木齐市,2.5,180.0,吐鲁番市 -> 乌鲁木齐市,E002
吐鲁番市,吐鲁番市,0.0,0.0,吐鲁番市,
吐鲁番市,达坂城镇,1.8,120.0,吐鲁番市 -> 达坂城镇,E029
吐鲁番市,伊宁市(伊犁),9.5,870.0,吐鲁番市 -> 乌鲁木齐市 -> 伊宁市(伊犁),E002 -> E005
吐鲁番市,喀什市,20.5,1645.0,吐鲁番市 -> 乌鲁木齐市 -> 喀什市,E002 -> E007
吐鲁番市,阿勒泰市,8.5,680.0,吐鲁番市 -> 乌鲁木齐市 -> 阿勒泰市,E002 -> E009
吐鲁番市,库尔勒市,4.5,370.0,吐鲁番市 -> 库尔勒市,E013
吐鲁番市,若羌县(楼兰),10.5,840.0,吐鲁番市 -> 库尔勒市 -> 若羌县(楼兰),E013 -> E015
吐鲁番市,那拉提镇,12.5,1120.0,吐鲁番市 -> 乌鲁木齐市 -> 伊宁市(伊犁) -> 那拉提镇,E002 -> E005 -> E017
吐鲁番市,赛里木湖,11.5,1020.0,吐鲁番市 -> 乌鲁木齐市 -> 伊宁市(伊犁) -> 赛里木湖,E002 -> E005 -> E019
吐鲁番市,天池风景区,4.0,275.0,吐鲁番市 -> 乌鲁木齐市 -> 天池风景区,E002 -> E021
吐鲁番市,可可托海,9.0,710.0,吐鲁番市 -> 乌鲁木齐市 -> 可可托海,E002 -> E023
吐鲁番市,禾木村,10.0,800.0,吐鲁番市 -> 乌鲁木齐市 -> 禾木村,E002 -> E025
吐鲁番市,白哈巴,11.0,860.0,吐鲁番市 -> 乌鲁木齐市 -> 白哈巴,E002 -> E027
吐鲁番市,鄯善县(库木塔格沙漠),1.2,90.0,吐鲁番市 -> 鄯善县(库木塔格沙漠),E031
吐鲁番市,霍城县(惠远古城),10.5,915.0,吐鲁番市 -> 乌鲁木齐市 -> 伊宁市(伊犁) -> 霍城县(惠远古城),E002 -> E005 -> E033
吐鲁番市,特克斯县(八卦城),11.5,985.0,吐鲁番市 -> 乌鲁木齐市 -> 伊宁市(伊犁) -> 特克斯县(八卦城),E002 -> E005 -> E035
吐鲁番市,昭苏县(夏塔古道),13.0,1050.0,吐鲁番市 -> 乌鲁木齐市 -> 伊宁市(伊犁) -> 昭苏县(夏塔古道),E002 -> E005 -> E037
吐鲁番市,巴音布鲁克,15.0,1280.0,吐鲁番市 -> 乌鲁木齐市 -> 伊宁市(伊犁) -> 那拉提镇 -> 巴音布鲁克,E002 -> E005 -> E017 -> E039
吐鲁番市,库车市,19.0,1540.0,吐鲁番市 -> 乌鲁木齐市 -> 伊宁市(伊犁) -> 那拉提镇 -> 巴音布鲁克 -> 库车市,E002 -> E005 -> E017 -> E039 -> E041
吐鲁番市,塔什库尔干县(帕米尔高原),25.0,1935.0,吐鲁番市 -> 乌鲁木齐市 -> 喀什市 -> 塔什库尔干县(帕米尔高原),E002 -> E007 -> E045
吐鲁番市,莎车县,23.0,1835.0,吐鲁番市 -> 乌鲁木齐市 -> 喀什市 -> 莎车县,E002 -> E007 -> E047
吐鲁番市,和田市,20.5,1660.0,吐鲁番市 -> 库尔勒市 -> 若羌县(楼兰) -> 和田市,E013 -> E015 -> E053
吐鲁番市,民丰县(尼雅遗址),22.0,1770.0,吐鲁番市 -> 库尔勒市 -> 若羌县(楼兰) -> 和田市 -> 民丰县(尼雅遗址),E013 -> E015 -> E053 -> E051
吐鲁番市,茫崖市,15.0,1190.0,吐鲁番市 -> 库尔勒市 -> 若羌县(楼兰) -> 茫崖市,E013 -> E015 -> E055
达坂城镇,乌鲁木齐市,1.5,100.0,达坂城镇 -> 乌鲁木齐市,E004
达坂城镇,吐鲁番市,1.8,120.0,达坂城镇 -> 吐鲁番市,E030
达坂城镇,达坂城镇,0.0,0.0,达坂城镇,
达坂城镇,伊宁市(伊犁),8.5,790.0,达坂城镇 -> 乌鲁木齐市 -> 伊宁市(伊犁),E004 -> E005
达坂城镇,喀什市,19.5,1565.0,达坂城镇 -> 乌鲁木齐市 -> 喀什市,E004 -> E007
达坂城镇,阿勒泰市,7.5,600.0,达坂城镇 -> 乌鲁木齐市 -> 阿勒泰市,E004 -> E009
达坂城镇,库尔勒市,6.3,490.0,达坂城镇 -> 吐鲁番市 -> 库尔勒市,E030 -> E013
达坂城镇,若羌县(楼兰),12.3,960.0,达坂城镇 -> 吐鲁番市 -> 库尔勒市 -> 若羌县(楼兰),E030 -> E013 -> E015
达坂城镇,那拉提镇,11.5,1040.0,达坂城镇 -> 乌鲁木齐市 -> 伊宁市(伊犁) -> 那拉提镇,E004 -> E005 -> E017
达坂城镇,赛里木湖,10.5,940.0,达坂城镇 -> 乌鲁木齐市 -> 伊宁市(伊犁) -> 赛里木湖,E004 -> E005 -> E019
达坂城镇,天池风景区,3.0,195.0,达坂城镇 -> 乌鲁木齐市 -> 天池风景区,E004 -> E021
达坂城镇,可可托海,8.0,630.0,达坂城镇 -> 乌鲁木齐市 -> 可可托海,E004 -> E023
达坂城镇,禾木村,9.0,720.0,达坂城镇 -> 乌鲁木齐市 -> 禾木村,E004 -> E025
达坂城镇,白哈巴,10.0,780.0,达坂城镇 -> 乌鲁木齐市 -> 白哈巴,E004 -> E027
达坂城镇,鄯善县(库木塔格沙漠),3.0,210.0,达坂城镇 -> 吐鲁番市 -> 鄯善县(库木塔格沙漠),E030 -> E031
达坂城镇,霍城县(惠远古城),9.5,835.0,达坂城镇 -> 乌鲁木齐市 -> 伊宁市(伊犁) -> 霍城县(惠远古城),E004 -> E005 -> E033
达坂城镇,特克斯县(八卦城),10.5,905.0,达坂城镇 -> 乌鲁木齐市 -> 伊宁市(伊犁) -> 特克斯县(八卦城),E004 -> E005 -> E035
达坂城镇,昭苏县(夏塔古道),12.0,970.0,达坂城镇 -> 乌鲁木齐市 -> 伊宁市(伊犁) -> 昭苏县(夏塔古道),E004 -> E005 -> E037
达坂城镇,巴音布鲁克,14.0,1200.0,达坂城镇 -> 乌鲁木齐市 -> 伊宁市(伊犁) -> 那拉提镇 -> 巴音布鲁克,E004 -> E005 -> E017 -> E039
达坂城镇,库车市,18.0,1460.0,达坂城镇 -> 乌鲁木齐市 -> 伊宁市(伊犁) -> 那拉提镇 -> 巴音布鲁克 -> 库车市,E004 -> E005 -> E017 -> E039 -> E041
达坂城镇,塔什库尔干县(帕米尔高原),24.0,1855.0,达坂城镇 -> 乌鲁木齐市 -> 喀什市 -> 塔什库尔干县(帕米尔高原),E004 -> E007 -> E045
达坂城镇,莎车县,22.0,1755.0,达坂城镇 -> 乌鲁木齐市 -> 喀什市 -> 莎车县,E004 -> E007 -> E047
达坂城镇,和田市,22.3,1780.0,达坂城镇 -> 吐鲁番市 -> 库尔勒市 -> 若羌县(楼兰) -> 和田市,E030 -> E013 -> E015 -> E053
达坂城镇,民丰县(尼雅遗址),23.8,1890.0,达坂城镇 -> 吐鲁番市 -> 库尔勒市 -> 若羌县(楼兰) -> 和田市 -> 民丰县(尼雅遗址),E030 -> E013 -> E015 -> E053 -> E051
达坂城镇,茫崖市,16.8,1310.0,达坂城镇 -> 吐鲁番市 -> 库尔勒市 -> 若羌县(楼兰) -> 茫崖市,E030 -> E013 -> E015 -> E055
伊宁市(伊犁),乌鲁木齐市,7.0,690.0,伊宁市(伊犁) -> 乌鲁木齐市,E006
伊宁市(伊犁),吐鲁番市,9.5,870.0,伊宁市(伊犁) -> 乌鲁木齐市 -> 吐鲁番市,E006 -> E001
伊宁市(伊犁),达坂城镇,8.5,790.0,伊宁市(伊犁) -> 乌鲁木齐市 -> 达坂城镇,E006 -> E003
伊宁市(伊犁),伊宁市(伊犁),0.0,0.0,伊宁市(伊犁),
伊宁市(伊犁),喀什市,18.5,1380.0,伊宁市(伊犁) -> 那拉提镇 -> 巴音布鲁克 -> 库车市 -> 喀什市,E017 -> E039 -> E041 -> E043
伊宁市(伊犁),阿勒泰市,13.0,1190.0,伊宁市(伊犁) -> 乌鲁木齐市 -> 阿勒泰市,E006 -> E009
伊宁市(伊犁),库尔勒市,13.0,1161.0,伊宁市(伊犁) -> 乌鲁木齐市 -> 库尔勒市,E006 -> E011
伊宁市(伊犁),若羌县(楼兰),19.0,1631.0,伊宁市(伊犁) -> 乌鲁木齐市 -> 库尔勒市 -> 若羌县(楼兰),E006 -> E011 -> E015
伊宁市(伊犁),那拉提镇,3.0,250.0,伊宁市(伊犁) -> 那拉提镇,E017
伊宁市(伊犁),赛里木湖,2.0,150.0,伊宁市(伊犁) -> 赛里木湖,E019
伊宁市(伊犁),天池风景区,8.5,785.0,伊宁市(伊犁) -> 乌鲁木齐市 -> 天池风景区,E006 -> E021
伊宁市(伊犁),可可托海,13.5,1220.0,伊宁市(伊犁) -> 乌鲁木齐市 -> 可可托海,E006 -> E023
伊宁市(伊犁),禾木村,14.5,1310.0,伊宁市(伊犁) -> 乌鲁木齐市 -> 禾木村,E006 -> E025
伊宁市(伊犁),白哈巴,15.5,1370.0,伊宁市(伊犁) -> 乌鲁木齐市 -> 白哈巴,E006 -> E027
伊宁市(伊犁),鄯善县(库木塔格沙漠),10.7,960.0,伊宁市(伊犁) -> 乌鲁木齐市 -> 吐鲁番市 -> 鄯善县(库木塔格沙漠),E006 -> E001 -> E031
伊宁市(伊犁),霍城县(惠远古城),1.0,45.0,伊宁市(伊犁) -> 霍城县(惠远古城),E033
伊宁市(伊犁),特克斯县(八卦城),2.0,115.0,伊宁市(伊犁) -> 特克斯县(八卦城),E035
伊宁市(伊犁),昭苏县(夏塔古道),3.5,180.0,伊宁市(伊犁) -> 昭苏县(夏塔古道),E037
伊宁市(伊犁),巴音布鲁克,5.5,410.0,伊宁市(伊犁) -> 那拉提镇 -> 巴音布鲁克,E017 -> E039
伊宁市(伊犁),库车市,9.5,670.0,伊宁市(伊犁) -> 那拉提镇 -> 巴音布鲁克 -> 库车市,E017 -> E039 -> E041
伊宁市(伊犁),塔什库尔干县(帕米尔高原),23.0,1670.0,伊宁市(伊犁) -> 那拉提镇 -> 巴音布鲁克 -> 库车市 -> 喀什市 -> 塔什库尔干县(帕米尔高原),E017 -> E039 -> E041 -> E043 -> E045
伊宁市(伊犁),莎车县,21.0,1570.0,伊宁市(伊犁) -> 那拉提镇 -> 巴音布鲁克 -> 库车市 -> 喀什市 -> 莎车县,E017 -> E039 -> E041 -> E043 -> E047
伊宁市(伊犁),和田市,25.0,1880.0,伊宁市(伊犁) -> 那拉提镇 -> 巴音布鲁克 -> 库车市 -> 喀什市 -> 和田市,E017 -> E039 -> E041 -> E043 -> E050
伊宁市(伊犁),民丰县(尼雅遗址),26.5,1990.0,伊宁市(伊犁) -> 那拉提镇 -> 巴音布鲁克 -> 库车市 -> 喀什市 -> 和田市 -> 民丰县(尼雅遗址),E017 -> E039 -> E041 -> E043 -> E050 -> E051
伊宁市(伊犁),茫崖市,23.5,1981.0,伊宁市(伊犁) -> 乌鲁木齐市 -> 库尔勒市 -> 若羌县(楼兰) -> 茫崖市,E006 -> E011 -> E015 -> E055
喀什市,乌鲁木齐市,18.0,1465.0,喀什市 -> 乌鲁木齐市,E008
喀什市,吐鲁番市,20.5,1645.0,喀什市 -> 乌鲁木齐市 -> 吐鲁番市,E008 -> E001
喀什市,达坂城镇,19.5,1565.0,喀什市 -> 乌鲁木齐市 -> 达坂城镇,E008 -> E003
喀什市,伊宁市(伊犁),18.5,1380.0,喀什市 -> 库车市 -> 巴音布鲁克 -> 那拉提镇 -> 伊宁市(伊犁),E044 -> E042 -> E040 -> E018
喀什市,喀什市,0.0,0.0,喀什市,
喀什市,阿勒泰市,24.0,1965.0,喀什市 -> 乌鲁木齐市 -> 阿勒泰市,E008 -> E009
喀什市,库尔勒市,22.5,1790.0,喀什市 -> 和田市 -> 若羌县(楼兰) -> 库尔勒市,E050 -> E054 -> E016
喀什市,若羌县(楼兰),16.5,1320.0,喀什市 -> 和田市 -> 若羌县(楼兰),E050 -> E054
喀什市,那拉提镇,15.5,1130.0,喀什市 -> 库车市 -> 巴音布鲁克 -> 那拉提镇,E044 -> E042 -> E040
喀什市,赛里木湖,20.5,1530.0,喀什市 -> 库车市 -> 巴音布鲁克 -> 那拉提镇 -> 伊宁市(伊犁) -> 赛里木湖,E044 -> E042 -> E040 -> E018 -> E019
喀什市,天池风景区,19.5,1560.0,喀什市 -> 乌鲁木齐市 -> 天池风景区,E008 -> E021
喀什市,可可托海,24.5,1995.0,喀什市 -> 乌鲁木齐市 -> 可可托海,E008 -> E023
喀什市,禾木村,25.5,2085.0,喀什市 -> 乌鲁木齐市 -> 禾木村,E008 -> E025
喀什市,白哈巴,26.5,2145.0,喀什市 -> 乌鲁木齐市 -> 白哈巴,E008 -> E027
喀什市,鄯善县(库木塔格沙漠),21.7,1735.0,喀什市 -> 乌鲁木齐市 -> 吐鲁番市 -> 鄯善县(库木塔格沙漠),E008 -> E001 -> E031
喀什市,霍城县(惠远古城),19.5,1425.0,喀什市 -> 库车市 -> 巴音布鲁克 -> 那拉提镇 -> 伊宁市(伊犁) -> 霍城县(惠远古城),E044 -> E042 -> E040 -> E018 -> E033
喀什市,特克斯县(八卦城),20.5,1495.0,喀什市 -> 库车市 -> 巴音布鲁克 -> 那拉提镇 -> 伊宁市(伊犁) -> 特克斯县(八卦城),E044 -> E042 -> E040 -> E018 -> E035
喀什市,昭苏县(夏塔古道),22.0,1560.0,喀什市 -> 库车市 -> 巴音布鲁克 -> 那拉提镇 -> 伊宁市(伊犁) -> 昭苏县(夏塔古道),E044 -> E042 -> E040 -> E018 -> E037
喀什市,巴音布鲁克,13.0,970.0,喀什市 -> 库车市 -> 巴音布鲁克,E044 -> E042
喀什市,库车市,9.0,710.0,喀什市 -> 库车市,E044
喀什市,塔什库尔干县(帕米尔高原),4.5,290.0,喀什市 -> 塔什库尔干县(帕米尔高原),E045
喀什市,莎车县,2.5,190.0,喀什市 -> 莎车县,E047
喀什市,和田市,6.5,500.0,喀什市 -> 和田市,E050
喀什市,民丰县(尼雅遗址),8.0,610.0,喀什市 -> 和田市 -> 民丰县(尼雅遗址),E050 -> E051
喀什市,茫崖市,21.0,1670.0,喀什市 -> 和田市 -> 若羌县(楼兰) -> 茫崖市,E050 -> E054 -> E055
阿勒泰市,乌鲁木齐市,6.0,500.0,阿勒泰市 -> 乌鲁木齐市,E010
阿勒泰市,吐鲁番市,8.5,680.0,阿勒泰市 -> 乌鲁木齐市 -> 吐鲁番市,E010 -> E001
阿勒泰市,达坂城镇,7.5,600.0,阿勒泰市 -> 乌鲁木齐市 -> 达坂城镇,E010 -> E003
阿勒泰市,伊宁市(伊犁),13.0,1190.0,阿勒泰市 -> 乌鲁木齐市 -> 伊宁市(伊犁),E010 -> E005
阿勒泰市,喀什市,24.0,1965.0,阿勒泰市 -> 乌鲁木齐市 -> 喀什市,E010 -> E007
阿勒泰市,阿勒泰市,0.0,0.0,阿勒泰市,
阿勒泰市,库尔勒市,12.0,971.0,阿勒泰市 -> 乌鲁木齐市 -> 库尔勒市,E010 -> E011
阿勒泰市,若羌县(楼兰),18.0,1441.0,阿勒泰市 -> 乌鲁木齐市 -> 库尔勒市 -> 若羌县(楼兰),E010 -> E011 -> E015
阿勒泰市,那拉提镇,16.0,1440.0,阿勒泰市 -> 乌鲁木齐市 -> 伊宁市(伊犁) -> 那拉提镇,E010 -> E005 -> E017
阿勒泰市,赛里木湖,15.0,1340.0,阿勒泰市 -> 乌鲁木齐市 -> 伊宁市(伊犁) -> 赛里木湖,E010 -> E005 -> E019
阿勒泰市,天池风景区,7.5,595.0,阿勒泰市 -> 乌鲁木齐市 -> 天池风景区,E010 -> E021
阿勒泰市,可可托海,12.5,1030.0,阿勒泰市 -> 乌鲁木齐市 -> 可可托海,E010 -> E023
阿勒泰市,禾木村,13.5,1120.0,阿勒泰市 -> 乌鲁木齐市 -> 禾木村,E010 -> E025
阿勒泰市,白哈巴,14.5,1180.0,阿勒泰市 -> 乌鲁木齐市 -> 白哈巴,E010 -> E027
阿勒泰市,鄯善县(库木塔格沙漠),9.7,770.0,阿勒泰市 -> 乌鲁木齐市 -> 吐鲁番市 -> 鄯善县(库木塔格沙漠),E010 -> E001 -> E031
阿勒泰市,霍城县(惠远古城),14.0,1235.0,阿勒泰市 -> 乌鲁木齐市 -> 伊宁市(伊犁) -> 霍城县(惠远古城),E010 -> E005 -> E033
阿勒泰市,特克斯县(八卦城),15.0,1305.0,阿勒泰市 -> 乌鲁木齐市 -> 伊宁市(伊犁) -> 特克斯县(八卦城),E010 -> E005 -> E035
阿勒泰市,昭苏县(夏塔古道),16.5,1370.0,阿勒泰市 -> 乌鲁木齐市 -> 伊宁市(伊犁) -> 昭苏县(夏塔古道),E010 -> E005 -> E037
阿勒泰市,巴音布鲁克,18.5,1600.0,阿勒泰市 -> 乌鲁木齐市 -> 伊宁市(伊犁) -> 那拉提镇 -> 巴音布鲁克,E010 -> E005 -> E017 -> E039
阿勒泰市,库车市,22.5,1860.0,阿勒泰市 -> 乌鲁木齐市 -> 伊宁市(伊犁) -> 那拉提镇 -> 巴音布鲁克 -> 库车市,E010 -> E005 -> E017 -> E039 -> E041
阿勒泰市,塔什库尔干县(帕米尔高原),28.5,2255.0,阿勒泰市 -> 乌鲁木齐市 -> 喀什市 -> 塔什库尔干县(帕米尔高原),E010 -> E007 -> E045
阿勒泰市,莎车县,26.5,2155.0,阿勒泰市 -> 乌鲁木齐市 -> 喀什市 -> 莎车县,E010 -> E007 -> E047
阿勒泰市,和田市,28.0,2261.0,阿勒泰市 -> 乌鲁木齐市 -> 库尔勒市 -> 若羌县(楼兰) -> 和田市,E010 -> E011 -> E015 -> E053
阿勒泰市,民丰县(尼雅遗址),29.5,2371.0,阿勒泰市 -> 乌鲁木齐市 -> 库尔勒市 -> 若羌县(楼兰) -> 和田市 -> 民丰县(尼雅遗址),E010 -> E011 -> E015 -> E053 -> E051
阿勒泰市,茫崖市,22.5,1791.0,阿勒泰市 -> 乌鲁木齐市 -> 库尔勒市 -> 若羌县(楼兰) -> 茫崖市,E010 -> E011 -> E015 -> E055
库尔勒市,乌鲁木齐市,6.0,471.0,库尔勒市 -> 乌鲁木齐市,E012
库尔勒市,吐鲁番市,4.5,370.0,库尔勒市 -> 吐鲁番市,E014
库尔勒市,达坂城镇,6.3,490.0,库尔勒市 -> 吐鲁番市 -> 达坂城镇,E014 -> E029
库尔勒市,伊宁市(伊犁),13.0,1161.0,库尔勒市 -> 乌鲁木齐市 -> 伊宁市(伊犁),E012 -> E005
库尔勒市,喀什市,22.5,1790.0,库尔勒市 -> 若羌县(楼兰) -> 和田市 -> 喀什市,E015 -> E053 -> E049
库尔勒市,阿勒泰市,12.0,971.0,库尔勒市 -> 乌鲁木齐市 -> 阿勒泰市,E012 -> E009
库尔勒市,库尔勒市,0.0,0.0,库尔勒市,
库尔勒市,若羌县(楼兰),6.0,470.0,库尔勒市 -> 若羌县(楼兰),E015
库尔勒市,那拉提镇,16.0,1411.0,库尔勒市 -> 乌鲁木齐市 -> 伊宁市(伊犁) -> 那拉提镇,E012 -> E005 -> E017
库尔勒市,赛里木湖,15.0,1311.0,库尔勒市 -> 乌鲁木齐市 -> 伊宁市(伊犁) -> 赛里木湖,E012 -> E005 -> E019
库尔勒市,天池风景区,7.5,566.0,库尔勒市 -> 乌鲁木齐市 -> 天池风景区,E012 -> E021
库尔勒市,可可托海,12.5,1001.0,库尔勒市 -> 乌鲁木齐市 -> 可可托海,E012 -> E023
库尔勒市,禾木村,13.5,1091.0,库尔勒市 -> 乌鲁木齐市 -> 禾木村,E012 -> E025
库尔勒市,白哈巴,14.5,1151.0,库尔勒市 -> 乌鲁木齐市 -> 白哈巴,E012 -> E027
库尔勒市,鄯善县(库木塔格沙漠),5.7,460.0,库尔勒市 -> 吐鲁番市 -> 鄯善县(库木塔格沙漠),E014 -> E031
库尔勒市,霍城县(惠远古城),14.0,1206.0,库尔勒市 -> 乌鲁木齐市 -> 伊宁市(伊犁) -> 霍城县(惠远古城),E012 -> E005 -> E033
库尔勒市,特克斯县(八卦城),15.0,1276.0,库尔勒市 -> 乌鲁木齐市 -> 伊宁市(伊犁) -> 特克斯县(八卦城),E012 -> E005 -> E035
库尔勒市,昭苏县(夏塔古道),16.5,1341.0,库尔勒市 -> 乌鲁木齐市 -> 伊宁市(伊犁) -> 昭苏县(夏塔古道),E012 -> E005 -> E037
库尔勒市,巴音布鲁克,18.5,1571.0,库尔勒市 -> 乌鲁木齐市 -> 伊宁市(伊犁) -> 那拉提镇 -> 巴音布鲁克,E012 -> E005 -> E017 -> E039
库尔勒市,库车市,22.5,1831.0,库尔勒市 -> 乌鲁木齐市 -> 伊宁市(伊犁) -> 那拉提镇 -> 巴音布鲁克 -> 库车市,E012 -> E005 -> E017 -> E039 -> E041
库尔勒市,塔什库尔干县(帕米尔高原),27.0,2080.0,库尔勒市 -> 若羌县(楼兰) -> 和田市 -> 喀什市 -> 塔什库尔干县(帕米尔高原),E015 -> E053 -> E049 -> E045
库尔勒市,莎车县,25.0,1980.0,库尔勒市 -> 若羌县(楼兰) -> 和田市 -> 喀什市 -> 莎车县,E015 -> E053 -> E049 -> E047
库尔勒市,和田市,16.0,1290.0,库尔勒市 -> 若羌县(楼兰) -> 和田市,E015 -> E053
库尔勒市,民丰县(尼雅遗址),17.5,1400.0,库尔勒市 -> 若羌县(楼兰) -> 和田市 -> 民丰县(尼雅遗址),E015 -> E053 -> E051
库尔勒市,茫崖市,10.5,820.0,库尔勒市 -> 若羌县(楼兰) -> 茫崖市,E015 -> E055
若羌县(楼兰),乌鲁木齐市,12.0,941.0,若羌县(楼兰) -> 库尔勒市 -> 乌鲁木齐市,E016 -> E012
若羌县(楼兰),吐鲁番市,10.5,840.0,若羌县(楼兰) -> 库尔勒市 -> 吐鲁番市,E016 -> E014
若羌县(楼兰),达坂城镇,12.3,960.0,若羌县(楼兰) -> 库尔勒市 -> 吐鲁番市 -> 达坂城镇,E016 -> E014 -> E029
若羌县(楼兰),伊宁市(伊犁),19.0,1631.0,若羌县(楼兰) -> 库尔勒市 -> 乌鲁木齐市 -> 伊宁市(伊犁),E016 -> E012 -> E005
若羌县(楼兰),喀什市,16.5,1320.0,若羌县(楼兰) -> 和田市 -> 喀什市,E053 -> E049
若羌县(楼兰),阿勒泰市,18.0,1441.0,若羌县(楼兰) -> 库尔勒市 -> 乌鲁木齐市 -> 阿勒泰市,E016 -> E012 -> E009
若羌县(楼兰),库尔勒市,6.0,470.0,若羌县(楼兰) -> 库尔勒市,E016
若羌县(楼兰),若羌县(楼兰),0.0,0.0,若羌县(楼兰),
若羌县(楼兰),那拉提镇,22.0,1881.0,若羌县(楼兰) -> 库尔勒市 -> 乌鲁木齐市 -> 伊宁市(伊犁) -> 那拉提镇,E016 -> E012 -> E005 -> E017
若羌县(楼兰),赛里木湖,21.0,1781.0,若羌县(楼兰) -> 库尔勒市 -> 乌鲁木齐市 -> 伊宁市(伊犁) -> 赛里木湖,E016 -> E012 -> E005 -> E019
若羌县(楼兰),天池风景区,13.5,1036.0,若羌县(楼兰) -> 库尔勒市 -> 乌鲁木齐市 -> 天池风景区,E016 -> E012 -> E021
若羌县(楼兰),可可托海,18.5,1471.0,若羌县(楼兰) -> 库尔勒市 -> 乌鲁木齐市 -> 可可托海,E016 -> E012 -> E023
若羌县(楼兰),禾木村,19.5,1561.0,若羌县(楼兰) -> 库尔勒市 -> 乌鲁木齐市 -> 禾木村,E016 -> E012 -> E025
若羌县(楼兰),白哈巴,20.5,1621.0,若羌县(楼兰) -> 库尔勒市 -> 乌鲁木齐市 -> 白哈巴,E016 -> E012 -> E027
若羌县(楼兰),鄯善县(库木塔格沙漠),11.7,930.0,若羌县(楼兰) -> 库尔勒市 -> 吐鲁番市 -> 鄯善县(库木塔格沙漠),E016 -> E014 -> E031
若羌县(楼兰),霍城县(惠远古城),20.0,1676.0,若羌县(楼兰) -> 库尔勒市 -> 乌鲁木齐市 -> 伊宁市(伊犁) -> 霍城县(惠远古城),E016 -> E012 -> E005 -> E033
若羌县(楼兰),特克斯县(八卦城),21.0,1746.0,若羌县(楼兰) -> 库尔勒市 -> 乌鲁木齐市 -> 伊宁市(伊犁) -> 特克斯县(八卦城),E016 -> E012 -> E005 -> E035
若羌县(楼兰),昭苏县(夏塔古道),22.5,1811.0,若羌县(楼兰) -> 库尔勒市 -> 乌鲁木齐市 -> 伊宁市(伊犁) -> 昭苏县(夏塔古道),E016 -> E012 -> E005 -> E037
若羌县(楼兰),巴音布鲁克,24.5,2041.0,若羌县(楼兰) -> 库尔勒市 -> 乌鲁木齐市 -> 伊宁市(伊犁) -> 那拉提镇 -> 巴音布鲁克,E016 -> E012 -> E005 -> E017 -> E039
若羌县(楼兰),库车市,25.5,2030.0,若羌县(楼兰) -> 和田市 -> 喀什市 -> 库车市,E053 -> E049 -> E044
若羌县(楼兰),塔什库尔干县(帕米尔高原),21.0,1610.0,若羌县(楼兰) -> 和田市 -> 喀什市 -> 塔什库尔干县(帕米尔高原),E053 -> E049 -> E045
若羌县(楼兰),莎车县,19.0,1510.0,若羌县(楼兰) -> 和田市 -> 喀什市 -> 莎车县,E053 -> E049 -> E047
若羌县(楼兰),和田市,10.0,820.0,若羌县(楼兰) -> 和田市,E053
若羌县(楼兰),民丰县(尼雅遗址),11.5,930.0,若羌县(楼兰) -> 和田市 -> 民丰县(尼雅遗址),E053 -> E051
若羌县(楼兰),茫崖市,4.5,350.0,若羌县(楼兰) -> 茫崖市,E055
那拉提镇,乌鲁木齐市,10.0,940.0,那拉提镇 -> 伊宁市(伊犁) -> 乌鲁木齐市,E018 -> E006
那拉提镇,吐鲁番市,12.5,1120.0,那拉提镇 -> 伊宁市(伊犁) -> 乌鲁木齐市 -> 吐鲁番市,E018 -> E006 -> E001
那拉提镇,达坂城镇,11.5,1040.0,那拉提镇 -> 伊宁市(伊犁) -> 乌鲁木齐市 -> 达坂城镇,E018 -> E006 -> E003
那拉提镇,伊宁市(伊犁),3.0,250.0,那拉提镇 -> 伊宁市(伊犁),E018
那拉提镇,喀什市,15.5,1130.0,那拉提镇 -> 巴音布鲁克 -> 库车市 -> 喀什市,E039 -> E041 -> E043
那拉提镇,阿勒泰市,16.0,1440.0,那拉提镇 -> 伊宁市(伊犁) -> 乌鲁木齐市 -> 阿勒泰市,E018 -> E006 -> E009
那拉提镇,库尔勒市,16.0,1411.0,那拉提镇 -> 伊宁市(伊犁) -> 乌鲁木齐市 -> 库尔勒市,E018 -> E006 -> E011
那拉提镇,若羌县(楼兰),22.0,1881.0,那拉提镇 -> 伊宁市(伊犁) -> 乌鲁木齐市 -> 库尔勒市 -> 若羌县(楼兰),E018 -> E006 -> E011 -> E015
那拉提镇,那拉提镇,0.0,0.0,那拉提镇,
那拉提镇,赛里木湖,5.0,400.0,那拉提镇 -> 伊宁市(伊犁) -> 赛里木湖,E018 -> E019
那拉提镇,天池风景区,11.5,1035.0,那拉提镇 -> 伊宁市(伊犁) -> 乌鲁木齐市 -> 天池风景区,E018 -> E006 -> E021
那拉提镇,可可托海,16.5,1470.0,那拉提镇 -> 伊宁市(伊犁) -> 乌鲁木齐市 -> 可可托海,E018 -> E006 -> E023
那拉提镇,禾木村,17.5,1560.0,那拉提镇 -> 伊宁市(伊犁) -> 乌鲁木齐市 -> 禾木村,E018 -> E006 -> E025
那拉提镇,白哈巴,18.5,1620.0,那拉提镇 -> 伊宁市(伊犁) -> 乌鲁木齐市 -> 白哈巴,E018 -> E006 -> E027
那拉提镇,鄯善县(库木塔格沙漠),13.7,1210.0,那拉提镇 -> 伊宁市(伊犁) -> 乌鲁木齐市 -> 吐鲁番市 -> 鄯善县(库木塔格沙漠),E018 -> E006 -> E001 -> E031
那拉提镇,霍城县(惠远古城),4.0,295.0,那拉提镇 -> 伊宁市(伊犁) -> 霍城县(惠远古城),E018 -> E033
那拉提镇,特克斯县(八卦城),5.0,365.0,那拉提镇 -> 伊宁市(伊犁) -> 特克斯县(八卦城),E018 -> E035
那拉提镇,昭苏县(夏塔古道),6.5,430.0,那拉提镇 -> 伊宁市(伊犁) -> 昭苏县(夏塔古道),E018 -> E037
那拉提镇,巴音布鲁克,2.5,160.0,那拉提镇 -> 巴音布鲁克,E039
那拉提镇,库车市,6.5,420.0,那拉提镇 -> 巴音布鲁克 -> 库车市,E039 -> E041
那拉提镇,塔什库尔干县(帕米尔高原),20.0,1420.0,那拉提镇 -> 巴音布鲁克 -> 库车市 -> 喀什市 -> 塔什库尔干县(帕米尔高原),E039 -> E041 -> E043 -> E045
那拉提镇,莎车县,18.0,1320.0,那拉提镇 -> 巴音布鲁克 -> 库车市 -> 喀什市 -> 莎车县,E039 -> E041 -> E043 -> E047
那拉提镇,和田市,22.0,1630.0,那拉提镇 -> 巴音布鲁克 -> 库车市 -> 喀什市 -> 和田市,E039 -> E041 -> E043 -> E050
那拉提镇,民丰县(尼雅遗址),23.5,1740.0,那拉提镇 -> 巴音布鲁克 -> 库车市 -> 喀什市 -> 和田市 -> 民丰县(尼雅遗址),E039 -> E041 -> E043 -> E050 -> E051
那拉提镇,茫崖市,26.5,2231.0,那拉提镇 -> 伊宁市(伊犁) -> 乌鲁木齐市 -> 库尔勒市 -> 若羌县(楼兰) -> 茫崖市,E018 -> E006 -> E011 -> E015 -> E055
赛里木湖,乌鲁木齐市,9.0,840.0,赛里木湖 -> 伊宁市(伊犁) -> 乌鲁木齐市,E020 -> E006
赛里木湖,吐鲁番市,11.5,1020.0,赛里木湖 -> 伊宁市(伊犁) -> 乌鲁木齐市 -> 吐鲁番市,E020 -> E006 -> E001
赛里木湖,达坂城镇,10.5,940.0,赛里木湖 -> 伊宁市(伊犁) -> 乌鲁木齐市 -> 达坂城镇,E020 -> E006 -> E003
赛里木湖,伊宁市(伊犁),2.0,150.0,赛里木湖 -> 伊宁市(伊犁),E020
赛里木湖,喀什市,20.5,1530.0,赛里木湖 -> 伊宁市(伊犁) -> 那拉提镇 -> 巴音布鲁克 -> 库车市 -> 喀什市,E020 -> E017 -> E039 -> E041 -> E043
赛里木湖,阿勒泰市,15.0,1340.0,赛里木湖 -> 伊宁市(伊犁) -> 乌鲁木齐市 -> 阿勒泰市,E020 -> E006 -> E009
赛里木湖,库尔勒市,15.0,1311.0,赛里木湖 -> 伊宁市(伊犁) -> 乌鲁木齐市 -> 库尔勒市,E020 -> E006 -> E011
赛里木湖,若羌县(楼兰),21.0,1781.0,赛里木湖 -> 伊宁市(伊犁) -> 乌鲁木齐市 -> 库尔勒市 -> 若羌县(楼兰),E020 -> E006 -> E011 -> E015
赛里木湖,那拉提镇,5.0,400.0,赛里木湖 -> 伊宁市(伊犁) -> 那拉提镇,E020 -> E017
赛里木湖,赛里木湖,0.0,0.0,赛里木湖,
赛里木湖,天池风景区,10.5,935.0,赛里木湖 -> 伊宁市(伊犁) -> 乌鲁木齐市 -> 天池风景区,E020 -> E006 -> E021
赛里木湖,可可托海,15.5,1370.0,赛里木湖 -> 伊宁市(伊犁) -> 乌鲁木齐市 -> 可可托海,E020 -> E006 -> E023
赛里木湖,禾木村,16.5,1460.0,赛里木湖 -> 伊宁市(伊犁) -> 乌鲁木齐市 -> 禾木村,E020 -> E006 -> E025
赛里木湖,白哈巴,17.5,1520.0,赛里木湖 -> 伊宁市(伊犁) -> 乌鲁木齐市 -> 白哈巴,E020 -> E006 -> E027
赛里木湖,鄯善县(库木塔格沙漠),12.7,1110.0,赛里木湖 -> 伊宁市(伊犁) -> 乌鲁木齐市 -> 吐鲁番市 -> 鄯善县(库木塔格沙漠),E020 -> E006 -> E001 -> E031
赛里木湖,霍城县(惠远古城),3.0,195.0,赛里木湖 -> 伊宁市(伊犁) -> 霍城县(惠远古城),E020 -> E033
赛里木湖,特克斯县(八卦城),4.0,265.0,赛里木湖 -> 伊宁市(伊犁) -> 特克斯县(八卦城),E020 -> E035
赛里木湖,昭苏县(夏塔古道),5.5,330.0,赛里木湖 -> 伊宁市(伊犁) -> 昭苏县(夏塔古道),E020 -> E037
赛里木湖,巴音布鲁克,7.5,560.0,赛里木湖 -> 伊宁市(伊犁) -> 那拉提镇 -> 巴音布鲁克,E020 -> E017 -> E039
赛里木湖,库车市,11.5,820.0,赛里木湖 -> 伊宁市(伊犁) -> 那拉提镇 -> 巴音布鲁克 -> 库车市,E020 -> E017 -> E039 -> E041
赛里木湖,塔什库尔干县(帕米尔高原),25.0,1820.0,赛里木湖 -> 伊宁市(伊犁) -> 那拉提镇 -> 巴音布鲁克 -> 库车市 -> 喀什市 -> 塔什库尔干县(帕米尔高原),E020 -> E017 -> E039 -> E041 -> E043 -> E045
赛里木湖,莎车县,23.0,1720.0,赛里木湖 -> 伊宁市(伊犁) -> 那拉提镇 -> 巴音布鲁克 -> 库车市 -> 喀什市 -> 莎车县,E020 -> E017 -> E039 -> E041 -> E043 -> E047
赛里木湖,和田市,27.0,2030.0,赛里木湖 -> 伊宁市(伊犁) -> 那拉提镇 -> 巴音布鲁克 -> 库车市 -> 喀什市 -> 和田市,E020 -> E017 -> E039 -> E041 -> E043 -> E050
赛里木湖,民丰县(尼雅遗址),28.5,2140.0,赛里木湖 -> 伊宁市(伊犁) -> 那拉提镇 -> 巴音布鲁克 -> 库车市 -> 喀什市 -> 和田市 -> 民丰县(尼雅遗址),E020 -> E017 -> E039 -> E041 -> E043 -> E050 -> E051
赛里木湖,茫崖市,25.5,2131.0,赛里木湖 -> 伊宁市(伊犁) -> 乌鲁木齐市 -> 库尔勒市 -> 若羌县(楼兰) -> 茫崖市,E020 -> E006 -> E011 -> E015 -> E055
天池风景区,乌鲁木齐市,1.5,95.0,天池风景区 -> 乌鲁木齐市,E022
天池风景区,吐鲁番市,4.0,275.0,天池风景区 -> 乌鲁木齐市 -> 吐鲁番市,E022 -> E001
天池风景区,达坂城镇,3.0,195.0,天池风景区 -> 乌鲁木齐市 -> 达坂城镇,E022 -> E003
天池风景区,伊宁市(伊犁),8.5,785.0,天池风景区 -> 乌鲁木齐市 -> 伊宁市(伊犁),E022 -> E005
天池风景区,喀什市,19.5,1560.0,天池风景区 -> 乌鲁木齐市 -> 喀什市,E022 -> E007
天池风景区,阿勒泰市,7.5,595.0,天池风景区 -> 乌鲁木齐市 -> 阿勒泰市,E022 -> E009
天池风景区,库尔勒市,7.5,566.0,天池风景区 -> 乌鲁木齐市 -> 库尔勒市,E022 -> E011
天池风景区,若羌县(楼兰),13.5,1036.0,天池风景区 -> 乌鲁木齐市 -> 库尔勒市 -> 若羌县(楼兰),E022 -> E011 -> E015
天池风景区,那拉提镇,11.5,1035.0,天池风景区 -> 乌鲁木齐市 -> 伊宁市(伊犁) -> 那拉提镇,E022 -> E005 -> E017
天池风景区,赛里木湖,10.5,935.0,天池风景区 -> 乌鲁木齐市 -> 伊宁市(伊犁) -> 赛里木湖,E022 -> E005 -> E019
天池风景区,天池风景区,0.0,0.0,天池风景区,
天池风景区,可可托海,8.0,625.0,天池风景区 -> 乌鲁木齐市 -> 可可托海,E022 -> E023
天池风景区,禾木村,9.0,715.0,天池风景区 -> 乌鲁木齐市 -> 禾木村,E022 -> E025
天池风景区,白哈巴,10.0,775.0,天池风景区 -> 乌鲁木齐市 -> 白哈巴,E022 -> E027
天池风景区,鄯善县(库木塔格沙漠),5.2,365.0,天池风景区 -> 乌鲁木齐市 -> 吐鲁番市 -> 鄯善县(库木塔格沙漠),E022 -> E001 -> E031
天池风景区,霍城县(惠远古城),9.5,830.0,天池风景区 -> 乌鲁木齐市 -> 伊宁市(伊犁) -> 霍城县(惠远古城),E022 -> E005 -> E033
天池风景区,特克斯县(八卦城),10.5,900.0,天池风景区 -> 乌鲁木齐市 -> 伊宁市(伊犁) -> 特克斯县(八卦城),E022 -> E005 -> E035
天池风景区,昭苏县(夏塔古道),12.0,965.0,天池风景区 -> 乌鲁木齐市 -> 伊宁市(伊犁) -> 昭苏县(夏塔古道),E022 -> E005 -> E037
天池风景区,巴音布鲁克,14.0,1195.0,天池风景区 -> 乌鲁木齐市 -> 伊宁市(伊犁) -> 那拉提镇 -> 巴音布鲁克,E022 -> E005 -> E017 -> E039
天池风景区,库车市,18.0,1455.0,天池风景区 -> 乌鲁木齐市 -> 伊宁市(伊犁) -> 那拉提镇 -> 巴音布鲁克 -> 库车市,E022 -> E005 -> E017 -> E039 -> E041
天池风景区,塔什库尔干县(帕米尔高原),24.0,1850.0,天池风景区 -> 乌鲁木齐市 -> 喀什市 -> 塔什库尔干县(帕米尔高原),E022 -> E007 -> E045
天池风景区,莎车县,22.0,1750.0,天池风景区 -> 乌鲁木齐市 -> 喀什市 -> 莎车县,E022 -> E007 -> E047
天池风景区,和田市,23.5,1856.0,天池风景区 -> 乌鲁木齐市 -> 库尔勒市 -> 若羌县(楼兰) -> 和田市,E022 -> E011 -> E015 -> E053
天池风景区,民丰县(尼雅遗址),25.0,1966.0,天池风景区 -> 乌鲁木齐市 -> 库尔勒市 -> 若羌县(楼兰) -> 和田市 -> 民丰县(尼雅遗址),E022 -> E011 -> E015 -> E053 -> E051
天池风景区,茫崖市,18.0,1386.0,天池风景区 -> 乌鲁木齐市 -> 库尔勒市 -> 若羌县(楼兰) -> 茫崖市,E022 -> E011 -> E015 -> E055
可可托海,乌鲁木齐市,6.5,530.0,可可托海 -> 乌鲁木齐市,E024
可可托海,吐鲁番市,9.0,710.0,可可托海 -> 乌鲁木齐市 -> 吐鲁番市,E024 -> E001
可可托海,达坂城镇,8.0,630.0,可可托海 -> 乌鲁木齐市 -> 达坂城镇,E024 -> E003
可可托海,伊宁市(伊犁),13.5,1220.0,可可托海 -> 乌鲁木齐市 -> 伊宁市(伊犁),E024 -> E005
可可托海,喀什市,24.5,1995.0,可可托海 -> 乌鲁木齐市 -> 喀什市,E024 -> E007
可可托海,阿勒泰市,12.5,1030.0,可可托海 -> 乌鲁木齐市 -> 阿勒泰市,E024 -> E009
可可托海,库尔勒市,12.5,1001.0,可可托海 -> 乌鲁木齐市 -> 库尔勒市,E024 -> E011
可可托海,若羌县(楼兰),18.5,1471.0,可可托海 -> 乌鲁木齐市 -> 库尔勒市 -> 若羌县(楼兰),E024 -> E011 -> E015
可可托海,那拉提镇,16.5,1470.0,可可托海 -> 乌鲁木齐市 -> 伊宁市(伊犁) -> 那拉提镇,E024 -> E005 -> E017
可可托海,赛里木湖,15.5,1370.0,可可托海 -> 乌鲁木齐市 -> 伊宁市(伊犁) -> 赛里木湖,E024 -> E005 -> E019
可可托海,天池风景区,8.0,625.0,可可托海 -> 乌鲁木齐市 -> 天池风景区,E024 -> E021
可可托海,可可托海,0.0,0.0,可可托海,
可可托海,禾木村,14.0,1150.0,可可托海 -> 乌鲁木齐市 -> 禾木村,E024 -> E025
可可托海,白哈巴,15.0,1210.0,可可托海 -> 乌鲁木齐市 -> 白哈巴,E024 -> E027
可可托海,鄯善县(库木塔格沙漠),10.2,800.0,可可托海 -> 乌鲁木齐市 -> 吐鲁番市 -> 鄯善县(库木塔格沙漠),E024 -> E001 -> E031
可可托海,霍城县(惠远古城),14.5,1265.0,可可托海 -> 乌鲁木齐市 -> 伊宁市(伊犁) -> 霍城县(惠远古城),E024 -> E005 -> E033
可可托海,特克斯县(八卦城),15.5,1335.0,可可托海 -> 乌鲁木齐市 -> 伊宁市(伊犁) -> 特克斯县(八卦城),E024 -> E005 -> E035
可可托海,昭苏县(夏塔古道),17.0,1400.0,可可托海 -> 乌鲁木齐市 -> 伊宁市(伊犁) -> 昭苏县(夏塔古道),E024 -> E005 -> E037
可可托海,巴音布鲁克,19.0,1630.0,可可托海 -> 乌鲁木齐市 -> 伊宁市(伊犁) -> 那拉提镇 -> 巴音布鲁克,E024 -> E005 -> E017 -> E039
可可托海,库车市,23.0,1890.0,可可托海 -> 乌鲁木齐市 -> 伊宁市(伊犁) -> 那拉提镇 -> 巴音布鲁克 -> 库车市,E024 -> E005 -> E017 -> E039 -> E041
可可托海,塔什库尔干县(帕米尔高原),29.0,2285.0,可可托海 -> 乌鲁木齐市 -> 喀什市 -> 塔什库尔干县(帕米尔高原),E024 -> E007 -> E045
可可托海,莎车县,27.0,2185.0,可可托海 -> 乌鲁木齐市 -> 喀什市 -> 莎车县,E024 -> E007 -> E047
可可托海,和田市,28.5,2291.0,可可托海 -> 乌鲁木齐市 -> 库尔勒市 -> 若羌县(楼兰) -> 和田市,E024 -> E011 -> E015 -> E053
可可托海,民丰县(尼雅遗址),30.0,2401.0,可可托海 -> 乌鲁木齐市 -> 库尔勒市 -> 若羌县(楼兰) -> 和田市 -> 民丰县(尼雅遗址),E024 -> E011 -> E015 -> E053 -> E051
可可托海,茫崖市,23.0,1821.0,可可托海 -> 乌鲁木齐市 -> 库尔勒市 -> 若羌县(楼兰) -> 茫崖市,E024 -> E011 -> E015 -> E055
禾木村,乌鲁木齐市,7.5,620.0,禾木村 -> 乌鲁木齐市,E026
禾木村,吐鲁番市,10.0,800.0,禾木村 -> 乌鲁木齐市 -> 吐鲁番市,E026 -> E001
禾木村,达坂城镇,9.0,720.0,禾木村 -> 乌鲁木齐市 -> 达坂城镇,E026 -> E003
禾木村,伊宁市(伊犁),14.5,1310.0,禾木村 -> 乌鲁木齐市 -> 伊宁市(伊犁),E026 -> E005
禾木村,喀什市,25.5,2085.0,禾木村 -> 乌鲁木齐市 -> 喀什市,E026 -> E007
禾木村,阿勒泰市,13.5,1120.0,禾木村 -> 乌鲁木齐市 -> 阿勒泰市,E026 -> E009
禾木村,库尔勒市,13.5,1091.0,禾木村 -> 乌鲁木齐市 -> 库尔勒市,E026 -> E011
禾木村,若羌县(楼兰),19.5,1561.0,禾木村 -> 乌鲁木齐市 -> 库尔勒市 -> 若羌县(楼兰),E026 -> E011 -> E015
禾木村,那拉提镇,17.5,1560.0,禾木村 -> 乌鲁木齐市 -> 伊宁市(伊犁) -> 那拉提镇,E026 -> E005 -> E017
禾木村,赛里木湖,16.5,1460.0,禾木村 -> 乌鲁木齐市 -> 伊宁市(伊犁) -> 赛里木湖,E026 -> E005 -> E019
禾木村,天池风景区,9.0,715.0,禾木村 -> 乌鲁木齐市 -> 天池风景区,E026 -> E021
禾木村,可可托海,14.0,1150.0,禾木村 -> 乌鲁木齐市 -> 可可托海,E026 -> E023
禾木村,禾木村,0.0,0.0,禾木村,
禾木村,白哈巴,16.0,1300.0,禾木村 -> 乌鲁木齐市 -> 白哈巴,E026 -> E027
禾木村,鄯善县(库木塔格沙漠),11.2,890.0,禾木村 -> 乌鲁木齐市 -> 吐鲁番市 -> 鄯善县(库木塔格沙漠),E026 -> E001 -> E031
禾木村,霍城县(惠远古城),15.5,1355.0,禾木村 -> 乌鲁木齐市 -> 伊宁市(伊犁) -> 霍城县(惠远古城),E026 -> E005 -> E033
禾木村,特克斯县(八卦城),16.5,1425.0,禾木村 -> 乌鲁木齐市 -> 伊宁市(伊犁) -> 特克斯县(八卦城),E026 -> E005 -> E035
禾木村,昭苏县(夏塔古道),18.0,1490.0,禾木村 -> 乌鲁木齐市 -> 伊宁市(伊犁) -> 昭苏县(夏塔古道),E026 -> E005 -> E037
禾木村,巴音布鲁克,20.0,1720.0,禾木村 -> 乌鲁木齐市 -> 伊宁市(伊犁) -> 那拉提镇 -> 巴音布鲁克,E026 -> E005 -> E017 -> E039
禾木村,库车市,24.0,1980.0,禾木村 -> 乌鲁木齐市 -> 伊宁市(伊犁) -> 那拉提镇 -> 巴音布鲁克 -> 库车市,E026 -> E005 -> E017 -> E039 -> E041
禾木村,塔什库尔干县(帕米尔高原),30.0,2375.0,禾木村 -> 乌鲁木齐市 -> 喀什市 -> 塔什库尔干县(帕米尔高原),E026 -> E007 -> E045
禾木村,莎车县,28.0,2275.0,禾木村 -> 乌鲁木齐市 -> 喀什市 -> 莎车县,E026 -> E007 -> E047
禾木村,和田市,29.5,2381.0,禾木村 -> 乌鲁木齐市 -> 库尔勒市 -> 若羌县(楼兰) -> 和田市,E026 -> E011 -> E015 -> E053
禾木村,民丰县(尼雅遗址),31.0,2491.0,禾木村 -> 乌鲁木齐市 -> 库尔勒市 -> 若羌县(楼兰) -> 和田市 -> 民丰县(尼雅遗址),E026 -> E011 -> E015 -> E053 -> E051
禾木村,茫崖市,24.0,1911.0,禾木村 -> 乌鲁木齐市 -> 库尔勒市 -> 若羌县(楼兰) -> 茫崖市,E026 -> E011 -> E015 -> E055
白哈巴,乌鲁木齐市,8.5,680.0,白哈巴 -> 乌鲁木齐市,E028
白哈巴,吐鲁番市,11.0,860.0,白哈巴 -> 乌鲁木齐市 -> 吐鲁番市,E028 -> E001
白哈巴,达坂城镇,10.0,780.0,白哈巴 -> 乌鲁木齐市 -> 达坂城镇,E028 -> E003
白哈巴,伊宁市(伊犁),15.5,1370.0,白哈巴 -> 乌鲁木齐市 -> 伊宁市(伊犁),E028 -> E005
白哈巴,喀什市,26.5,2145.0,白哈巴 -> 乌鲁木齐市 -> 喀什市,E028 -> E007
白哈巴,阿勒泰市,14.5,1180.0,白哈巴 -> 乌鲁木齐市 -> 阿勒泰市,E028 -> E009
白哈巴,库尔勒市,14.5,1151.0,白哈巴 -> 乌鲁木齐市 -> 库尔勒市,E028 -> E011
白哈巴,若羌县(楼兰),20.5,1621.0,白哈巴 -> 乌鲁木齐市 -> 库尔勒市 -> 若羌县(楼兰),E028 -> E011 -> E015
白哈巴,那拉提镇,18.5,1620.0,白哈巴 -> 乌鲁木齐市 -> 伊宁市(伊犁) -> 那拉提镇,E028 -> E005 -> E017
白哈巴,赛里木湖,17.5,1520.0,白哈巴 -> 乌鲁木齐市 -> 伊宁市(伊犁) -> 赛里木湖,E028 -> E005 -> E019
白哈巴,天池风景区,10.0,775.0,白哈巴 -> 乌鲁木齐市 -> 天池风景区,E028 -> E021
白哈巴,可可托海,15.0,1210.0,白哈巴 -> 乌鲁木齐市 -> 可可托海,E028 -> E023
白哈巴,禾木村,16.0,1300.0,白哈巴 -> 乌鲁木齐市 -> 禾木村,E028 -> E025
白哈巴,白哈巴,0.0,0.0,白哈巴,
白哈巴,鄯善县(库木塔格沙漠),12.2,950.0,白哈巴 -> 乌鲁木齐市 -> 吐鲁番市 -> 鄯善县(库木塔格沙漠),E028 -> E001 -> E031
白哈巴,霍城县(惠远古城),16.5,1415.0,白哈巴 -> 乌鲁木齐市 -> 伊宁市(伊犁) -> 霍城县(惠远古城),E028 -> E005 -> E033
白哈巴,特克斯县(八卦城),17.5,1485.0,白哈巴 -> 乌鲁木齐市 -> 伊宁市(伊犁) -> 特克斯县(八卦城),E028 -> E005 -> E035
白哈巴,昭苏县(夏塔古道),19.0,1550.0,白哈巴 -> 乌鲁木齐市 -> 伊宁市(伊犁) -> 昭苏县(夏塔古道),E028 -> E005 -> E037
白哈巴,巴音布鲁克,21.0,1780.0,白哈巴 -> 乌鲁木齐市 -> 伊宁市(伊犁) -> 那拉提镇 -> 巴音布鲁克,E028 -> E005 -> E017 -> E039
白哈巴,库车市,25.0,2040.0,白哈巴 -> 乌鲁木齐市 -> 伊宁市(伊犁) -> 那拉提镇 -> 巴音布鲁克 -> 库车市,E028 -> E005 -> E017 -> E039 -> E041
白哈巴,塔什库尔干县(帕米尔高原),31.0,2435.0,白哈巴 -> 乌鲁木齐市 -> 喀什市 -> 塔什库尔干县(帕米尔高原),E028 -> E007 -> E045
白哈巴,莎车县,29.0,2335.0,白哈巴 -> 乌鲁木齐市 -> 喀什市 -> 莎车县,E028 -> E007 -> E047
白哈巴,和田市,30.5,2441.0,白哈巴 -> 乌鲁木齐市 -> 库尔勒市 -> 若羌县(楼兰) -> 和田市,E028 -> E011 -> E015 -> E053
白哈巴,民丰县(尼雅遗址),32.0,2551.0,白哈巴 -> 乌鲁木齐市 -> 库尔勒市 -> 若羌县(楼兰) -> 和田市 -> 民丰县(尼雅遗址),E028 -> E011 -> E015 -> E053 -> E051
白哈巴,茫崖市,25.0,1971.0,白哈巴 -> 乌鲁木齐市 -> 库尔勒市 -> 若羌县(楼兰) -> 茫崖市,E028 -> E011 -> E015 -> E055
鄯善县(库木塔格沙漠),乌鲁木齐市,3.7,270.0,鄯善县(库木塔格沙漠) -> 吐鲁番市 -> 乌鲁木齐市,E032 -> E002
鄯善县(库木塔格沙漠),吐鲁番市,1.2,90.0,鄯善县(库木塔格沙漠) -> 吐鲁番市,E032
鄯善县(库木塔格沙漠),达坂城镇,3.0,210.0,鄯善县(库木塔格沙漠) -> 吐鲁番市 -> 达坂城镇,E032 -> E029
鄯善县(库木塔格沙漠),伊宁市(伊犁),10.7,960.0,鄯善县(库木塔格沙漠) -> 吐鲁番市 -> 乌鲁木齐市 -> 伊宁市(伊犁),E032 -> E002 -> E005
鄯善县(库木塔格沙漠),喀什市,21.7,1735.0,鄯善县(库木塔格沙漠) -> 吐鲁番市 -> 乌鲁木齐市 -> 喀什市,E032 -> E002 -> E007
鄯善县(库木塔格沙漠),阿勒泰市,9.7,770.0,鄯善县(库木塔格沙漠) -> 吐鲁番市 -> 乌鲁木齐市 -> 阿勒泰市,E032 -> E002 -> E009
鄯善县(库木塔格沙漠),库尔勒市,5.7,460.0,鄯善县(库木塔格沙漠) -> 吐鲁番市 -> 库尔勒市,E032 -> E013
鄯善县(库木塔格沙漠),若羌县(楼兰),11.7,930.0,鄯善县(库木塔格沙漠) -> 吐鲁番市 -> 库尔勒市 -> 若羌县(楼兰),E032 -> E013 -> E015
鄯善县(库木塔格沙漠),那拉提镇,13.7,1210.0,鄯善县(库木塔格沙漠) -> 吐鲁番市 -> 乌鲁木齐市 -> 伊宁市(伊犁) -> 那拉提镇,E032 -> E002 -> E005 -> E017
鄯善县(库木塔格沙漠),赛里木湖,12.7,1110.0,鄯善县(库木塔格沙漠) -> 吐鲁番市 -> 乌鲁木齐市 -> 伊宁市(伊犁) -> 赛里木湖,E032 -> E002 -> E005 -> E019
鄯善县(库木塔格沙漠),天池风景区,5.2,365.0,鄯善县(库木塔格沙漠) -> 吐鲁番市 -> 乌鲁木齐市 -> 天池风景区,E032 -> E002 -> E021
鄯善县(库木塔格沙漠),可可托海,10.2,800.0,鄯善县(库木塔格沙漠) -> 吐鲁番市 -> 乌鲁木齐市 -> 可可托海,E032 -> E002 -> E023
鄯善县(库木塔格沙漠),禾木村,11.2,890.0,鄯善县(库木塔格沙漠) -> 吐鲁番市 -> 乌鲁木齐市 -> 禾木村,E032 -> E002 -> E025
鄯善县(库木塔格沙漠),白哈巴,12.2,950.0,鄯善县(库木塔格沙漠) -> 吐鲁番市 -> 乌鲁木齐市 -> 白哈巴,E032 -> E002 -> E027
鄯善县(库木塔格沙漠),鄯善县(库木塔格沙漠),0.0,0.0,鄯善县(库木塔格沙漠),
鄯善县(库木塔格沙漠),霍城县(惠远古城),11.7,1005.0,鄯善县(库木塔格沙漠) -> 吐鲁番市 -> 乌鲁木齐市 -> 伊宁市(伊犁) -> 霍城县(惠远古城),E032 -> E002 -> E005 -> E033
鄯善县(库木塔格沙漠),特克斯县(八卦城),12.7,1075.0,鄯善县(库木塔格沙漠) -> 吐鲁番市 -> 乌鲁木齐市 -> 伊宁市(伊犁) -> 特克斯县(八卦城),E032 -> E002 -> E005 -> E035
鄯善县(库木塔格沙漠),昭苏县(夏塔古道),14.2,1140.0,鄯善县(库木塔格沙漠) -> 吐鲁番市 -> 乌鲁木齐市 -> 伊宁市(伊犁) -> 昭苏县(夏塔古道),E032 -> E002 -> E005 -> E037
鄯善县(库木塔格沙漠),巴音布鲁克,16.2,1370.0,鄯善县(库木塔格沙漠) -> 吐鲁番市 -> 乌鲁木齐市 -> 伊宁市(伊犁) -> 那拉提镇 -> 巴音布鲁克,E032 -> E002 -> E005 -> E017 -> E039
鄯善县(库木塔格沙漠),库车市,20.2,1630.0,鄯善县(库木塔格沙漠) -> 吐鲁番市 -> 乌鲁木齐市 -> 伊宁市(伊犁) -> 那拉提镇 -> 巴音布鲁克 -> 库车市,E032 -> E002 -> E005 -> E017 -> E039 -> E041
鄯善县(库木塔格沙漠),塔什库尔干县(帕米尔高原),26.2,2025.0,鄯善县(库木塔格沙漠) -> 吐鲁番市 -> 乌鲁木齐市 -> 喀什市 -> 塔什库尔干县(帕米尔高原),E032 -> E002 -> E007 -> E045
鄯善县(库木塔格沙漠),莎车县,24.2,1925.0,鄯善县(库木塔格沙漠) -> 吐鲁番市 -> 乌鲁木齐市 -> 喀什市 -> 莎车县,E032 -> E002 -> E007 -> E047
鄯善县(库木塔格沙漠),和田市,21.7,1750.0,鄯善县(库木塔格沙漠) -> 吐鲁番市 -> 库尔勒市 -> 若羌县(楼兰) -> 和田市,E032 -> E013 -> E015 -> E053
鄯善县(库木塔格沙漠),民丰县(尼雅遗址),23.2,1860.0,鄯善县(库木塔格沙漠) -> 吐鲁番市 -> 库尔勒市 -> 若羌县(楼兰) -> 和田市 -> 民丰县(尼雅遗址),E032 -> E013 -> E015 -> E053 -> E051
鄯善县(库木塔格沙漠),茫崖市,16.2,1280.0,鄯善县(库木塔格沙漠) -> 吐鲁番市 -> 库尔勒市 -> 若羌县(楼兰) -> 茫崖市,E032 -> E013 -> E015 -> E055
霍城县(惠远古城),乌鲁木齐市,8.0,735.0,霍城县(惠远古城) -> 伊宁市(伊犁) -> 乌鲁木齐市,E034 -> E006
霍城县(惠远古城),吐鲁番市,10.5,915.0,霍城县(惠远古城) -> 伊宁市(伊犁) -> 乌鲁木齐市 -> 吐鲁番市,E034 -> E006 -> E001
霍城县(惠远古城),达坂城镇,9.5,835.0,霍城县(惠远古城) -> 伊宁市(伊犁) -> 乌鲁木齐市 -> 达坂城镇,E034 -> E006 -> E003
霍城县(惠远古城),伊宁市(伊犁),1.0,45.0,霍城县(惠远古城) -> 伊宁市(伊犁),E034
霍城县(惠远古城),喀什市,19.5,1425.0,霍城县(惠远古城) -> 伊宁市(伊犁) -> 那拉提镇 -> 巴音布鲁克 -> 库车市 -> 喀什市,E034 -> E017 -> E039 -> E041 -> E043
霍城县(惠远古城),阿勒泰市,14.0,1235.0,霍城县(惠远古城) -> 伊宁市(伊犁) -> 乌鲁木齐市 -> 阿勒泰市,E034 -> E006 -> E009
霍城县(惠远古城),库尔勒市,14.0,1206.0,霍城县(惠远古城) -> 伊宁市(伊犁) -> 乌鲁木齐市 -> 库尔勒市,E034 -> E006 -> E011
霍城县(惠远古城),若羌县(楼兰),20.0,1676.0,霍城县(惠远古城) -> 伊宁市(伊犁) -> 乌鲁木齐市 -> 库尔勒市 -> 若羌县(楼兰),E034 -> E006 -> E011 -> E015
霍城县(惠远古城),那拉提镇,4.0,295.0,霍城县(惠远古城) -> 伊宁市(伊犁) -> 那拉提镇,E034 -> E017
霍城县(惠远古城),赛里木湖,3.0,195.0,霍城县(惠远古城) -> 伊宁市(伊犁) -> 赛里木湖,E034 -> E019
霍城县(惠远古城),天池风景区,9.5,830.0,霍城县(惠远古城) -> 伊宁市(伊犁) -> 乌鲁木齐市 -> 天池风景区,E034 -> E006 -> E021
霍城县(惠远古城),可可托海,14.5,1265.0,霍城县(惠远古城) -> 伊宁市(伊犁) -> 乌鲁木齐市 -> 可可托海,E034 -> E006 -> E023
霍城县(惠远古城),禾木村,15.5,1355.0,霍城县(惠远古城) -> 伊宁市(伊犁) -> 乌鲁木齐市 -> 禾木村,E034 -> E006 -> E025
霍城县(惠远古城),白哈巴,16.5,1415.0,霍城县(惠远古城) -> 伊宁市(伊犁) -> 乌鲁木齐市 -> 白哈巴,E034 -> E006 -> E027
霍城县(惠远古城),鄯善县(库木塔格沙漠),11.7,1005.0,霍城县(惠远古城) -> 伊宁市(伊犁) -> 乌鲁木齐市 -> 吐鲁番市 -> 鄯善县(库木塔格沙漠),E034 -> E006 -> E001 -> E031
霍城县(惠远古城),霍城县(惠远古城),0.0,0.0,霍城县(惠远古城),
霍城县(惠远古城),特克斯县(八卦城),3.0,160.0,霍城县(惠远古城) -> 伊宁市(伊犁) -> 特克斯县(八卦城),E034 -> E035
霍城县(惠远古城),昭苏县(夏塔古道),4.5,225.0,霍城县(惠远古城) -> 伊宁市(伊犁) -> 昭苏县(夏塔古道),E034 -> E037
霍城县(惠远古城),巴音布鲁克,6.5,455.0,霍城县(惠远古城) -> 伊宁市(伊犁) -> 那拉提镇 -> 巴音布鲁克,E034 -> E017 -> E039
霍城县(惠远古城),库车市,10.5,715.0,霍城县(惠远古城) -> 伊宁市(伊犁) -> 那拉提镇 -> 巴音布鲁克 -> 库车市,E034 -> E017 -> E039 -> E041
霍城县(惠远古城),塔什库尔干县(帕米尔高原),24.0,1715.0,霍城县(惠远古城) -> 伊宁市(伊犁) -> 那拉提镇 -> 巴音布鲁克 -> 库车市 -> 喀什市 -> 塔什库尔干县(帕米尔高原),E034 -> E017 -> E039 -> E041 -> E043 -> E045
霍城县(惠远古城),莎车县,22.0,1615.0,霍城县(惠远古城) -> 伊宁市(伊犁) -> 那拉提镇 -> 巴音布鲁克 -> 库车市 -> 喀什市 -> 莎车县,E034 -> E017 -> E039 -> E041 -> E043 -> E047
霍城县(惠远古城),和田市,26.0,1925.0,霍城县(惠远古城) -> 伊宁市(伊犁) -> 那拉提镇 -> 巴音布鲁克 -> 库车市 -> 喀什市 -> 和田市,E034 -> E017 -> E039 -> E041 -> E043 -> E050
霍城县(惠远古城),民丰县(尼雅遗址),27.5,2035.0,霍城县(惠远古城) -> 伊宁市(伊犁) -> 那拉提镇 -> 巴音布鲁克 -> 库车市 -> 喀什市 -> 和田市 -> 民丰县(尼雅遗址),E034 -> E017 -> E039 -> E041 -> E043 -> E050 -> E051
霍城县(惠远古城),茫崖市,24.5,2026.0,霍城县(惠远古城) -> 伊宁市(伊犁) -> 乌鲁木齐市 -> 库尔勒市 -> 若羌县(楼兰) -> 茫崖市,E034 -> E006 -> E011 -> E015 -> E055
特克斯县(八卦城),乌鲁木齐市,9.0,805.0,特克斯县(八卦城) -> 伊宁市(伊犁) -> 乌鲁木齐市,E036 -> E006
特克斯县(八卦城),吐鲁番市,11.5,985.0,特克斯县(八卦城) -> 伊宁市(伊犁) -> 乌鲁木齐市 -> 吐鲁番市,E036 -> E006 -> E001
特克斯县(八卦城),达坂城镇,10.5,905.0,特克斯县(八卦城) -> 伊宁市(伊犁) -> 乌鲁木齐市 -> 达坂城镇,E036 -> E006 -> E003
特克斯县(八卦城),伊宁市(伊犁),2.0,115.0,特克斯县(八卦城) -> 伊宁市(伊犁),E036
特克斯县(八卦城),喀什市,20.5,1495.0,特克斯县(八卦城) -> 伊宁市(伊犁) -> 那拉提镇 -> 巴音布鲁克 -> 库车市 -> 喀什市,E036 -> E017 -> E039 -> E041 -> E043
特克斯县(八卦城),阿勒泰市,15.0,1305.0,特克斯县(八卦城) -> 伊宁市(伊犁) -> 乌鲁木齐市 -> 阿勒泰市,E036 -> E006 -> E009
特克斯县(八卦城),库尔勒市,15.0,1276.0,特克斯县(八卦城) -> 伊宁市(伊犁) -> 乌鲁木齐市 -> 库尔勒市,E036 -> E006 -> E011
特克斯县(八卦城),若羌县(楼兰),21.0,1746.0,特克斯县(八卦城) -> 伊宁市(伊犁) -> 乌鲁木齐市 -> 库尔勒市 -> 若羌县(楼兰),E036 -> E006 -> E011 -> E015
特克斯县(八卦城),那拉提镇,5.0,365.0,特克斯县(八卦城) -> 伊宁市(伊犁) -> 那拉提镇,E036 -> E017
特克斯县(八卦城),赛里木湖,4.0,265.0,特克斯县(八卦城) -> 伊宁市(伊犁) -> 赛里木湖,E036 -> E019
特克斯县(八卦城),天池风景区,10.5,900.0,特克斯县(八卦城) -> 伊宁市(伊犁) -> 乌鲁木齐市 -> 天池风景区,E036 -> E006 -> E021
特克斯县(八卦城),可可托海,15.5,1335.0,特克斯县(八卦城) -> 伊宁市(伊犁) -> 乌鲁木齐市 -> 可可托海,E036 -> E006 -> E023
特克斯县(八卦城),禾木村,16.5,1425.0,特克斯县(八卦城) -> 伊宁市(伊犁) -> 乌鲁木齐市 -> 禾木村,E036 -> E006 -> E025
特克斯县(八卦城),白哈巴,17.5,1485.0,特克斯县(八卦城) -> 伊宁市(伊犁) -> 乌鲁木齐市 -> 白哈巴,E036 -> E006 -> E027
特克斯县(八卦城),鄯善县(库木塔格沙漠),12.7,1075.0,特克斯县(八卦城) -> 伊宁市(伊犁) -> 乌鲁木齐市 -> 吐鲁番市 -> 鄯善县(库木塔格沙漠),E036 -> E006 -> E001 -> E031
特克斯县(八卦城),霍城县(惠远古城),3.0,160.0,特克斯县(八卦城) -> 伊宁市(伊犁) -> 霍城县(惠远古城),E036 -> E033
特克斯县(八卦城),特克斯县(八卦城),0.0,0.0,特克斯县(八卦城),
特克斯县(八卦城),昭苏县(夏塔古道),5.5,295.0,特克斯县(八卦城) -> 伊宁市(伊犁) -> 昭苏县(夏塔古道),E036 -> E037
特克斯县(八卦城),巴音布鲁克,7.5,525.0,特克斯县(八卦城) -> 伊宁市(伊犁) -> 那拉提镇 -> 巴音布鲁克,E036 -> E017 -> E039
特克斯县(八卦城),库车市,11.5,785.0,特克斯县(八卦城) -> 伊宁市(伊犁) -> 那拉提镇 -> 巴音布鲁克 -> 库车市,E036 -> E017 -> E039 -> E041
特克斯县(八卦城),塔什库尔干县(帕米尔高原),25.0,1785.0,特克斯县(八卦城) -> 伊宁市(伊犁) -> 那拉提镇 -> 巴音布鲁克 -> 库车市 -> 喀什市 -> 塔什库尔干县(帕米尔高原),E036 -> E017 -> E039 -> E041 -> E043 -> E045
特克斯县(八卦城),莎车县,23.0,1685.0,特克斯县(八卦城) -> 伊宁市(伊犁) -> 那拉提镇 -> 巴音布鲁克 -> 库车市 -> 喀什市 -> 莎车县,E036 -> E017 -> E039 -> E041 -> E043 -> E047
特克斯县(八卦城),和田市,27.0,1995.0,特克斯县(八卦城) -> 伊宁市(伊犁) -> 那拉提镇 -> 巴音布鲁克 -> 库车市 -> 喀什市 -> 和田市,E036 -> E017 -> E039 -> E041 -> E043 -> E050
特克斯县(八卦城),民丰县(尼雅遗址),28.5,2105.0,特克斯县(八卦城) -> 伊宁市(伊犁) -> 那拉提镇 -> 巴音布鲁克 -> 库车市 -> 喀什市 -> 和田市 -> 民丰县(尼雅遗址),E036 -> E017 -> E039 -> E041 -> E043 -> E050 -> E051
特克斯县(八卦城),茫崖市,25.5,2096.0,特克斯县(八卦城) -> 伊宁市(伊犁) -> 乌鲁木齐市 -> 库尔勒市 -> 若羌县(楼兰) -> 茫崖市,E036 -> E006 -> E011 -> E015 -> E055
昭苏县(夏塔古道),乌鲁木齐市,10.5,870.0,昭苏县(夏塔古道) -> 伊宁市(伊犁) -> 乌鲁木齐市,E038 -> E006
昭苏县(夏塔古道),吐鲁番市,13.0,1050.0,昭苏县(夏塔古道) -> 伊宁市(伊犁) -> 乌鲁木齐市 -> 吐鲁番市,E038 -> E006 -> E001
昭苏县(夏塔古道),达坂城镇,12.0,970.0,昭苏县(夏塔古道) -> 伊宁市(伊犁) -> 乌鲁木齐市 -> 达坂城镇,E038 -> E006 -> E003
昭苏县(夏塔古道),伊宁市(伊犁),3.5,180.0,昭苏县(夏塔古道) -> 伊宁市(伊犁),E038
昭苏县(夏塔古道),喀什市,22.0,1560.0,昭苏县(夏塔古道) -> 伊宁市(伊犁) -> 那拉提镇 -> 巴音布鲁克 -> 库车市 -> 喀什市,E038 -> E017 -> E039 -> E041 -> E043
昭苏县(夏塔古道),阿勒泰市,16.5,1370.0,昭苏县(夏塔古道) -> 伊宁市(伊犁) -> 乌鲁木齐市 -> 阿勒泰市,E038 -> E006 -> E009
昭苏县(夏塔古道),库尔勒市,16.5,1341.0,昭苏县(夏塔古道) -> 伊宁市(伊犁) -> 乌鲁木齐市 -> 库尔勒市,E038 -> E006 -> E011
昭苏县(夏塔古道),若羌县(楼兰),22.5,1811.0,昭苏县(夏塔古道) -> 伊宁市(伊犁) -> 乌鲁木齐市 -> 库尔勒市 -> 若羌县(楼兰),E038 -> E006 -> E011 -> E015
昭苏县(夏塔古道),那拉提镇,6.5,430.0,昭苏县(夏塔古道) -> 伊宁市(伊犁) -> 那拉提镇,E038 -> E017
昭苏县(夏塔古道),赛里木湖,5.5,330.0,昭苏县(夏塔古道) -> 伊宁市(伊犁) -> 赛里木湖,E038 -> E019
昭苏县(夏塔古道),天池风景区,12.0,965.0,昭苏县(夏塔古道) -> 伊宁市(伊犁) -> 乌鲁木齐市 -> 天池风景区,E038 -> E006 -> E021
昭苏县(夏塔古道),可可托海,17.0,1400.0,昭苏县(夏塔古道) -> 伊宁市(伊犁) -> 乌鲁木齐市 -> 可可托海,E038 -> E006 -> E023
昭苏县(夏塔古道),禾木村,18.0,1490.0,昭苏县(夏塔古道) -> 伊宁市(伊犁) -> 乌鲁木齐市 -> 禾木村,E038 -> E006 -> E025
昭苏县(夏塔古道),白哈巴,19.0,1550.0,昭苏县(夏塔古道) -> 伊宁市(伊犁) -> 乌鲁木齐市 -> 白哈巴,E038 -> E006 -> E027
昭苏县(夏塔古道),鄯善县(库木塔格沙漠),14.2,1140.0,昭苏县(夏塔古道) -> 伊宁市(伊犁) -> 乌鲁木齐市 -> 吐鲁番市 -> 鄯善县(库木塔格沙漠),E038 -> E006 -> E001 -> E031
昭苏县(夏塔古道),霍城县(惠远古城),4.5,225.0,昭苏县(夏塔古道) -> 伊宁市(伊犁) -> 霍城县(惠远古城),E038 -> E033
昭苏县(夏塔古道),特克斯县(八卦城),5.5,295.0,昭苏县(夏塔古道) -> 伊宁市(伊犁) -> 特克斯县(八卦城),E038 -> E035
昭苏县(夏塔古道),昭苏县(夏塔古道),0.0,0.0,昭苏县(夏塔古道),
昭苏县(夏塔古道),巴音布鲁克,9.0,590.0,昭苏县(夏塔古道) -> 伊宁市(伊犁) -> 那拉提镇 -> 巴音布鲁克,E038 -> E017 -> E039
昭苏县(夏塔古道),库车市,13.0,850.0,昭苏县(夏塔古道) -> 伊宁市(伊犁) -> 那拉提镇 -> 巴音布鲁克 -> 库车市,E038 -> E017 -> E039 -> E041
昭苏县(夏塔古道),塔什库尔干县(帕米尔高原),26.5,1850.0,昭苏县(夏塔古道) -> 伊宁市(伊犁) -> 那拉提镇 -> 巴音布鲁克 -> 库车市 -> 喀什市 -> 塔什库尔干县(帕米尔高原),E038 -> E017 -> E039 -> E041 -> E043 -> E045
昭苏县(夏塔古道),莎车县,24.5,1750.0,昭苏县(夏塔古道) -> 伊宁市(伊犁) -> 那拉提镇 -> 巴音布鲁克 -> 库车市 -> 喀什市 -> 莎车县,E038 -> E017 -> E039 -> E041 -> E043 -> E047
昭苏县(夏塔古道),和田市,28.5,2060.0,昭苏县(夏塔古道) -> 伊宁市(伊犁) -> 那拉提镇 -> 巴音布鲁克 -> 库车市 -> 喀什市 -> 和田市,E038 -> E017 -> E039 -> E041 -> E043 -> E050
昭苏县(夏塔古道),民丰县(尼雅遗址),30.0,2170.0,昭苏县(夏塔古道) -> 伊宁市(伊犁) -> 那拉提镇 -> 巴音布鲁克 -> 库车市 -> 喀什市 -> 和田市 -> 民丰县(尼雅遗址),E038 -> E017 -> E039 -> E041 -> E043 -> E050 -> E051
昭苏县(夏塔古道),茫崖市,27.0,2161.0,昭苏县(夏塔古道) -> 伊宁市(伊犁) -> 乌鲁木齐市 -> 库尔勒市 -> 若羌县(楼兰) -> 茫崖市,E038 -> E006 -> E011 -> E015 -> E055
巴音布鲁克,乌鲁木齐市,12.5,1100.0,巴音布鲁克 -> 那拉提镇 -> 伊宁市(伊犁) -> 乌鲁木齐市,E040 -> E018 -> E006
巴音布鲁克,吐鲁番市,15.0,1280.0,巴音布鲁克 -> 那拉提镇 -> 伊宁市(伊犁) -> 乌鲁木齐市 -> 吐鲁番市,E040 -> E018 -> E006 -> E001
巴音布鲁克,达坂城镇,14.0,1200.0,巴音布鲁克 -> 那拉提镇 -> 伊宁市(伊犁) -> 乌鲁木齐市 -> 达坂城镇,E040 -> E018 -> E006 -> E003
巴音布鲁克,伊宁市(伊犁),5.5,410.0,巴音布鲁克 -> 那拉提镇 -> 伊宁市(伊犁),E040 -> E018
巴音布鲁克,喀什市,13.0,970.0,巴音布鲁克 -> 库车市 -> 喀什市,E041 -> E043
巴音布鲁克,阿勒泰市,18.5,1600.0,巴音布鲁克 -> 那拉提镇 -> 伊宁市(伊犁) -> 乌鲁木齐市 -> 阿勒泰市,E040 -> E018 -> E006 -> E009
巴音布鲁克,库尔勒市,18.5,1571.0,巴音布鲁克 -> 那拉提镇 -> 伊宁市(伊犁) -> 乌鲁木齐市 -> 库尔勒市,E040 -> E018 -> E006 -> E011
巴音布鲁克,若羌县(楼兰),24.5,2041.0,巴音布鲁克 -> 那拉提镇 -> 伊宁市(伊犁) -> 乌鲁木齐市 -> 库尔勒市 -> 若羌县(楼兰),E040 -> E018 -> E006 -> E011 -> E015
巴音布鲁克,那拉提镇,2.5,160.0,巴音布鲁克 -> 那拉提镇,E040
巴音布鲁克,赛里木湖,7.5,560.0,巴音布鲁克 -> 那拉提镇 -> 伊宁市(伊犁) -> 赛里木湖,E040 -> E018 -> E019
巴音布鲁克,天池风景区,14.0,1195.0,巴音布鲁克 -> 那拉提镇 -> 伊宁市(伊犁) -> 乌鲁木齐市 -> 天池风景区,E040 -> E018 -> E006 -> E021
巴音布鲁克,可可托海,19.0,1630.0,巴音布鲁克 -> 那拉提镇 -> 伊宁市(伊犁) -> 乌鲁木齐市 -> 可可托海,E040 -> E018 -> E006 -> E023
巴音布鲁克,禾木村,20.0,1720.0,巴音布鲁克 -> 那拉提镇 -> 伊宁市(伊犁) -> 乌鲁木齐市 -> 禾木村,E040 -> E018 -> E006 -> E025
巴音布鲁克,白哈巴,21.0,1780.0,巴音布鲁克 -> 那拉提镇 -> 伊宁市(伊犁) -> 乌鲁木齐市 -> 白哈巴,E040 -> E018 -> E006 -> E027
巴音布鲁克,鄯善县(库木塔格沙漠),16.2,1370.0,巴音布鲁克 -> 那拉提镇 -> 伊宁市(伊犁) -> 乌鲁木齐市 -> 吐鲁番市 -> 鄯善县(库木塔格沙漠),E040 -> E018 -> E006 -> E001 -> E031
巴音布鲁克,霍城县(惠远古城),6.5,455.0,巴音布鲁克 -> 那拉提镇 -> 伊宁市(伊犁) -> 霍城县(惠远古城),E040 -> E018 -> E033
巴音布鲁克,特克斯县(八卦城),7.5,525.0,巴音布鲁克 -> 那拉提镇 -> 伊宁市(伊犁) -> 特克斯县(八卦城),E040 -> E018 -> E035
巴音布鲁克,昭苏县(夏塔古道),9.0,590.0,巴音布鲁克 -> 那拉提镇 -> 伊宁市(伊犁) -> 昭苏县(夏塔古道),E040 -> E018 -> E037
巴音布鲁克,巴音布鲁克,0.0,0.0,巴音布鲁克,
巴音布鲁克,库车市,4.0,260.0,巴音布鲁克 -> 库车市,E041
巴音布鲁克,塔什库尔干县(帕米尔高原),17.5,1260.0,巴音布鲁克 -> 库车市 -> 喀什市 -> 塔什库尔干县(帕米尔高原),E041 -> E043 -> E045
巴音布鲁克,莎车县,15.5,1160.0,巴音布鲁克 -> 库车市 -> 喀什市 -> 莎车县,E041 -> E043 -> E047
巴音布鲁克,和田市,19.5,1470.0,巴音布鲁克 -> 库车市 -> 喀什市 -> 和田市,E041 -> E043 -> E050
巴音布鲁克,民丰县(尼雅遗址),21.0,1580.0,巴音布鲁克 -> 库车市 -> 喀什市 -> 和田市 -> 民丰县(尼雅遗址),E041 -> E043 -> E050 -> E051
巴音布鲁克,茫崖市,29.0,2391.0,巴音布鲁克 -> 那拉提镇 -> 伊宁市(伊犁) -> 乌鲁木齐市 -> 库尔勒市 -> 若羌县(楼兰) -> 茫崖市,E040 -> E018 -> E006 -> E011 -> E015 -> E055
库车市,乌鲁木齐市,16.5,1360.0,库车市 -> 巴音布鲁克 -> 那拉提镇 -> 伊宁市(伊犁) -> 乌鲁木齐市,E042 -> E040 -> E018 -> E006
库车市,吐鲁番市,19.0,1540.0,库车市 -> 巴音布鲁克 -> 那拉提镇 -> 伊宁市(伊犁) -> 乌鲁木齐市 -> 吐鲁番市,E042 -> E040 -> E018 -> E006 -> E001
库车市,达坂城镇,18.0,1460.0,库车市 -> 巴音布鲁克 -> 那拉提镇 -> 伊宁市(伊犁) -> 乌鲁木齐市 -> 达坂城镇,E042 -> E040 -> E018 -> E006 -> E003
库车市,伊宁市(伊犁),9.5,670.0,库车市 -> 巴音布鲁克 -> 那拉提镇 -> 伊宁市(伊犁),E042 -> E040 -> E018
库车市,喀什市,9.0,710.0,库车市 -> 喀什市,E043
库车市,阿勒泰市,22.5,1860.0,库车市 -> 巴音布鲁克 -> 那拉提镇 -> 伊宁市(伊犁) -> 乌鲁木齐市 -> 阿勒泰市,E042 -> E040 -> E018 -> E006 -> E009
库车市,库尔勒市,22.5,1831.0,库车市 -> 巴音布鲁克 -> 那拉提镇 -> 伊宁市(伊犁) -> 乌鲁木齐市 -> 库尔勒市,E042 -> E040 -> E018 -> E006 -> E011
库车市,若羌县(楼兰),25.5,2030.0,库车市 -> 喀什市 -> 和田市 -> 若羌县(楼兰),E043 -> E050 -> E054
库车市,那拉提镇,6.5,420.0,库车市 -> 巴音布鲁克 -> 那拉提镇,E042 -> E040
库车市,赛里木湖,11.5,820.0,库车市 -> 巴音布鲁克 -> 那拉提镇 -> 伊宁市(伊犁) -> 赛里木湖,E042 -> E040 -> E018 -> E019
库车市,天池风景区,18.0,1455.0,库车市 -> 巴音布鲁克 -> 那拉提镇 -> 伊宁市(伊犁) -> 乌鲁木齐市 -> 天池风景区,E042 -> E040 -> E018 -> E006 -> E021
库车市,可可托海,23.0,1890.0,库车市 -> 巴音布鲁克 -> 那拉提镇 -> 伊宁市(伊犁) -> 乌鲁木齐市 -> 可可托海,E042 -> E040 -> E018 -> E006 -> E023
库车市,禾木村,24.0,1980.0,库车市 -> 巴音布鲁克 -> 那拉提镇 -> 伊宁市(伊犁) -> 乌鲁木齐市 -> 禾木村,E042 -> E040 -> E018 -> E006 -> E025
库车市,白哈巴,25.0,2040.0,库车市 -> 巴音布鲁克 -> 那拉提镇 -> 伊宁市(伊犁) -> 乌鲁木齐市 -> 白哈巴,E042 -> E040 -> E018 -> E006 -> E027
库车市,鄯善县(库木塔格沙漠),20.2,1630.0,库车市 -> 巴音布鲁克 -> 那拉提镇 -> 伊宁市(伊犁) -> 乌鲁木齐市 -> 吐鲁番市 -> 鄯善县(库木塔格沙漠),E042 -> E040 -> E018 -> E006 -> E001 -> E031
库车市,霍城县(惠远古城),10.5,715.0,库车市 -> 巴音布鲁克 -> 那拉提镇 -> 伊宁市(伊犁) -> 霍城县(惠远古城),E042 -> E040 -> E018 -> E033
库车市,特克斯县(八卦城),11.5,785.0,库车市 -> 巴音布鲁克 -> 那拉提镇 -> 伊宁市(伊犁) -> 特克斯县(八卦城),E042 -> E040 -> E018 -> E035
库车市,昭苏县(夏塔古道),13.0,850.0,库车市 -> 巴音布鲁克 -> 那拉提镇 -> 伊宁市(伊犁) -> 昭苏县(夏塔古道),E042 -> E040 -> E018 -> E037
库车市,巴音布鲁克,4.0,260.0,库车市 -> 巴音布鲁克,E042
库车市,库车市,0.0,0.0,库车市,
库车市,塔什库尔干县(帕米尔高原),13.5,1000.0,库车市 -> 喀什市 -> 塔什库尔干县(帕米尔高原),E043 -> E045
库车市,莎车县,11.5,900.0,库车市 -> 喀什市 -> 莎车县,E043 -> E047
库车市,和田市,15.5,1210.0,库车市 -> 喀什市 -> 和田市,E043 -> E050
库车市,民丰县(尼雅遗址),17.0,1320.0,库车市 -> 喀什市 -> 和田市 -> 民丰县(尼雅遗址),E043 -> E050 -> E051
库车市,茫崖市,30.0,2380.0,库车市 -> 喀什市 -> 和田市 -> 若羌县(楼兰) -> 茫崖市,E043 -> E050 -> E054 -> E055
塔什库尔干县(帕米尔高原),乌鲁木齐市,22.5,1755.0,塔什库尔干县(帕米尔高原) -> 喀什市 -> 乌鲁木齐市,E046 -> E008
塔什库尔干县(帕米尔高原),吐鲁番市,25.0,1935.0,塔什库尔干县(帕米尔高原) -> 喀什市 -> 乌鲁木齐市 -> 吐鲁番市,E046 -> E008 -> E001
塔什库尔干县(帕米尔高原),达坂城镇,24.0,1855.0,塔什库尔干县(帕米尔高原) -> 喀什市 -> 乌鲁木齐市 -> 达坂城镇,E046 -> E008 -> E003
塔什库尔干县(帕米尔高原),伊宁市(伊犁),23.0,1670.0,塔什库尔干县(帕米尔高原) -> 喀什市 -> 库车市 -> 巴音布鲁克 -> 那拉提镇 -> 伊宁市(伊犁),E046 -> E044 -> E042 -> E040 -> E018
塔什库尔干县(帕米尔高原),喀什市,4.5,290.0,塔什库尔干县(帕米尔高原) -> 喀什市,E046
塔什库尔干县(帕米尔高原),阿勒泰市,28.5,2255.0,塔什库尔干县(帕米尔高原) -> 喀什市 -> 乌鲁木齐市 -> 阿勒泰市,E046 -> E008 -> E009
塔什库尔干县(帕米尔高原),库尔勒市,27.0,2080.0,塔什库尔干县(帕米尔高原) -> 喀什市 -> 和田市 -> 若羌县(楼兰) -> 库尔勒市,E046 -> E050 -> E054 -> E016
塔什库尔干县(帕米尔高原),若羌县(楼兰),21.0,1610.0,塔什库尔干县(帕米尔高原) -> 喀什市 -> 和田市 -> 若羌县(楼兰),E046 -> E050 -> E054
塔什库尔干县(帕米尔高原),那拉提镇,20.0,1420.0,塔什库尔干县(帕米尔高原) -> 喀什市 -> 库车市 -> 巴音布鲁克 -> 那拉提镇,E046 -> E044 -> E042 -> E040
塔什库尔干县(帕米尔高原),赛里木湖,25.0,1820.0,塔什库尔干县(帕米尔高原) -> 喀什市 -> 库车市 -> 巴音布鲁克 -> 那拉提镇 -> 伊宁市(伊犁) -> 赛里木湖,E046 -> E044 -> E042 -> E040 -> E018 -> E019
塔什库尔干县(帕米尔高原),天池风景区,24.0,1850.0,塔什库尔干县(帕米尔高原) -> 喀什市 -> 乌鲁木齐市 -> 天池风景区,E046 -> E008 -> E021
塔什库尔干县(帕米尔高原),可可托海,29.0,2285.0,塔什库尔干县(帕米尔高原) -> 喀什市 -> 乌鲁木齐市 -> 可可托海,E046 -> E008 -> E023
塔什库尔干县(帕米尔高原),禾木村,30.0,2375.0,塔什库尔干县(帕米尔高原) -> 喀什市 -> 乌鲁木齐市 -> 禾木村,E046 -> E008 -> E025
塔什库尔干县(帕米尔高原),白哈巴,31.0,2435.0,塔什库尔干县(帕米尔高原) -> 喀什市 -> 乌鲁木齐市 -> 白哈巴,E046 -> E008 -> E027
塔什库尔干县(帕米尔高原),鄯善县(库木塔格沙漠),26.2,2025.0,塔什库尔干县(帕米尔高原) -> 喀什市 -> 乌鲁木齐市 -> 吐鲁番市 -> 鄯善县(库木塔格沙漠),E046 -> E008 -> E001 -> E031
塔什库尔干县(帕米尔高原),霍城县(惠远古城),24.0,1715.0,塔什库尔干县(帕米尔高原) -> 喀什市 -> 库车市 -> 巴音布鲁克 -> 那拉提镇 -> 伊宁市(伊犁) -> 霍城县(惠远古城),E046 -> E044 -> E042 -> E040 -> E018 -> E033
塔什库尔干县(帕米尔高原),特克斯县(八卦城),25.0,1785.0,塔什库尔干县(帕米尔高原) -> 喀什市 -> 库车市 -> 巴音布鲁克 -> 那拉提镇 -> 伊宁市(伊犁) -> 特克斯县(八卦城),E046 -> E044 -> E042 -> E040 -> E018 -> E035
塔什库尔干县(帕米尔高原),昭苏县(夏塔古道),26.5,1850.0,塔什库尔干县(帕米尔高原) -> 喀什市 -> 库车市 -> 巴音布鲁克 -> 那拉提镇 -> 伊宁市(伊犁) -> 昭苏县(夏塔古道),E046 -> E044 -> E042 -> E040 -> E018 -> E037
塔什库尔干县(帕米尔高原),巴音布鲁克,17.5,1260.0,塔什库尔干县(帕米尔高原) -> 喀什市 -> 库车市 -> 巴音布鲁克,E046 -> E044 -> E042
塔什库尔干县(帕米尔高原),库车市,13.5,1000.0,塔什库尔干县(帕米尔高原) -> 喀什市 -> 库车市,E046 -> E044
塔什库尔干县(帕米尔高原),塔什库尔干县(帕米尔高原),0.0,0.0,塔什库尔干县(帕米尔高原),
塔什库尔干县(帕米尔高原),莎车县,7.0,480.0,塔什库尔干县(帕米尔高原) -> 喀什市 -> 莎车县,E046 -> E047
塔什库尔干县(帕米尔高原),和田市,11.0,790.0,塔什库尔干县(帕米尔高原) -> 喀什市 -> 和田市,E046 -> E050
塔什库尔干县(帕米尔高原),民丰县(尼雅遗址),12.5,900.0,塔什库尔干县(帕米尔高原) -> 喀什市 -> 和田市 -> 民丰县(尼雅遗址),E046 -> E050 -> E051
塔什库尔干县(帕米尔高原),茫崖市,25.5,1960.0,塔什库尔干县(帕米尔高原) -> 喀什市 -> 和田市 -> 若羌县(楼兰) -> 茫崖市,E046 -> E050 -> E054 -> E055
莎车县,乌鲁木齐市,20.5,1655.0,莎车县 -> 喀什市 -> 乌鲁木齐市,E048 -> E008
莎车县,吐鲁番市,23.0,1835.0,莎车县 -> 喀什市 -> 乌鲁木齐市 -> 吐鲁番市,E048 -> E008 -> E001
莎车县,达坂城镇,22.0,1755.0,莎车县 -> 喀什市 -> 乌鲁木齐市 -> 达坂城镇,E048 -> E008 -> E003
莎车县,伊宁市(伊犁),21.0,1570.0,莎车县 -> 喀什市 -> 库车市 -> 巴音布鲁克 -> 那拉提镇 -> 伊宁市(伊犁),E048 -> E044 -> E042 -> E040 -> E018
莎车县,喀什市,2.5,190.0,莎车县 -> 喀什市,E048
莎车县,阿勒泰市,26.5,2155.0,莎车县 -> 喀什市 -> 乌鲁木齐市 -> 阿勒泰市,E048 -> E008 -> E009
莎车县,库尔勒市,25.0,1980.0,莎车县 -> 喀什市 -> 和田市 -> 若羌县(楼兰) -> 库尔勒市,E048 -> E050 -> E054 -> E016
莎车县,若羌县(楼兰),19.0,1510.0,莎车县 -> 喀什市 -> 和田市 -> 若羌县(楼兰),E048 -> E050 -> E054
莎车县,那拉提镇,18.0,1320.0,莎车县 -> 喀什市 -> 库车市 -> 巴音布鲁克 -> 那拉提镇,E048 -> E044 -> E042 -> E040
莎车县,赛里木湖,23.0,1720.0,莎车县 -> 喀什市 -> 库车市 -> 巴音布鲁克 -> 那拉提镇 -> 伊宁市(伊犁) -> 赛里木湖,E048 -> E044 -> E042 -> E040 -> E018 -> E019
莎车县,天池风景区,22.0,1750.0,莎车县 -> 喀什市 -> 乌鲁木齐市 -> 天池风景区,E048 -> E008 -> E021
莎车县,可可托海,27.0,2185.0,莎车县 -> 喀什市 -> 乌鲁木齐市 -> 可可托海,E048 -> E008 -> E023
莎车县,禾木村,28.0,2275.0,莎车县 -> 喀什市 -> 乌鲁木齐市 -> 禾木村,E048 -> E008 -> E025
莎车县,白哈巴,29.0,2335.0,莎车县 -> 喀什市 -> 乌鲁木齐市 -> 白哈巴,E048 -> E008 -> E027
莎车县,鄯善县(库木塔格沙漠),24.2,1925.0,莎车县 -> 喀什市 -> 乌鲁木齐市 -> 吐鲁番市 -> 鄯善县(库木塔格沙漠),E048 -> E008 -> E001 -> E031
莎车县,霍城县(惠远古城),22.0,1615.0,莎车县 -> 喀什市 -> 库车市 -> 巴音布鲁克 -> 那拉提镇 -> 伊宁市(伊犁) -> 霍城县(惠远古城),E048 -> E044 -> E042 -> E040 -> E018 -> E033
莎车县,特克斯县(八卦城),23.0,1685.0,莎车县 -> 喀什市 -> 库车市 -> 巴音布鲁克 -> 那拉提镇 -> 伊宁市(伊犁) -> 特克斯县(八卦城),E048 -> E044 -> E042 -> E040 -> E018 -> E035
莎车县,昭苏县(夏塔古道),24.5,1750.0,莎车县 -> 喀什市 -> 库车市 -> 巴音布鲁克 -> 那拉提镇 -> 伊宁市(伊犁) -> 昭苏县(夏塔古道),E048 -> E044 -> E042 -> E040 -> E018 -> E037
莎车县,巴音布鲁克,15.5,1160.0,莎车县 -> 喀什市 -> 库车市 -> 巴音布鲁克,E048 -> E044 -> E042
莎车县,库车市,11.5,900.0,莎车县 -> 喀什市 -> 库车市,E048 -> E044
莎车县,塔什库尔干县(帕米尔高原),7.0,480.0,莎车县 -> 喀什市 -> 塔什库尔干县(帕米尔高原),E048 -> E045
莎车县,莎车县,0.0,0.0,莎车县,
莎车县,和田市,9.0,690.0,莎车县 -> 喀什市 -> 和田市,E048 -> E050
莎车县,民丰县(尼雅遗址),10.5,800.0,莎车县 -> 喀什市 -> 和田市 -> 民丰县(尼雅遗址),E048 -> E050 -> E051
莎车县,茫崖市,23.5,1860.0,莎车县 -> 喀什市 -> 和田市 -> 若羌县(楼兰) -> 茫崖市,E048 -> E050 -> E054 -> E055
和田市,乌鲁木齐市,22.0,1761.0,和田市 -> 若羌县(楼兰) -> 库尔勒市 -> 乌鲁木齐市,E054 -> E016 -> E012
和田市,吐鲁番市,20.5,1660.0,和田市 -> 若羌县(楼兰) -> 库尔勒市 -> 吐鲁番市,E054 -> E016 -> E014
和田市,达坂城镇,22.3,1780.0,和田市 -> 若羌县(楼兰) -> 库尔勒市 -> 吐鲁番市 -> 达坂城镇,E054 -> E016 -> E014 -> E029
和田市,伊宁市(伊犁),25.0,1880.0,和田市 -> 喀什市 -> 库车市 -> 巴音布鲁克 -> 那拉提镇 -> 伊宁市(伊犁),E049 -> E044 -> E042 -> E040 -> E018
和田市,喀什市,6.5,500.0,和田市 -> 喀什市,E049
和田市,阿勒泰市,28.0,2261.0,和田市 -> 若羌县(楼兰) -> 库尔勒市 -> 乌鲁木齐市 -> 阿勒泰市,E054 -> E016 -> E012 -> E009
和田市,库尔勒市,16.0,1290.0,和田市 -> 若羌县(楼兰) -> 库尔勒市,E054 -> E016
和田市,若羌县(楼兰),10.0,820.0,和田市 -> 若羌县(楼兰),E054
和田市,那拉提镇,22.0,1630.0,和田市 -> 喀什市 -> 库车市 -> 巴音布鲁克 -> 那拉提镇,E049 -> E044 -> E042 -> E040
和田市,赛里木湖,27.0,2030.0,和田市 -> 喀什市 -> 库车市 -> 巴音布鲁克 -> 那拉提镇 -> 伊宁市(伊犁) -> 赛里木湖,E049 -> E044 -> E042 -> E040 -> E018 -> E019
和田市,天池风景区,23.5,1856.0,和田市 -> 若羌县(楼兰) -> 库尔勒市 -> 乌鲁木齐市 -> 天池风景区,E054 -> E016 -> E012 -> E021
和田市,可可托海,28.5,2291.0,和田市 -> 若羌县(楼兰) -> 库尔勒市 -> 乌鲁木齐市 -> 可可托海,E054 -> E016 -> E012 -> E023
和田市,禾木村,29.5,2381.0,和田市 -> 若羌县(楼兰) -> 库尔勒市 -> 乌鲁木齐市 -> 禾木村,E054 -> E016 -> E012 -> E025
和田市,白哈巴,30.5,2441.0,和田市 -> 若羌县(楼兰) -> 库尔勒市 -> 乌鲁木齐市 -> 白哈巴,E054 -> E016 -> E012 -> E027
和田市,鄯善县(库木塔格沙漠),21.7,1750.0,和田市 -> 若羌县(楼兰) -> 库尔勒市 -> 吐鲁番市 -> 鄯善县(库木塔格沙漠),E054 -> E016 -> E014 -> E031
和田市,霍城县(惠远古城),26.0,1925.0,和田市 -> 喀什市 -> 库车市 -> 巴音布鲁克 -> 那拉提镇 -> 伊宁市(伊犁) -> 霍城县(惠远古城),E049 -> E044 -> E042 -> E040 -> E018 -> E033
和田市,特克斯县(八卦城),27.0,1995.0,和田市 -> 喀什市 -> 库车市 -> 巴音布鲁克 -> 那拉提镇 -> 伊宁市(伊犁) -> 特克斯县(八卦城),E049 -> E044 -> E042 -> E040 -> E018 -> E035
和田市,昭苏县(夏塔古道),28.5,2060.0,和田市 -> 喀什市 -> 库车市 -> 巴音布鲁克 -> 那拉提镇 -> 伊宁市(伊犁) -> 昭苏县(夏塔古道),E049 -> E044 -> E042 -> E040 -> E018 -> E037
和田市,巴音布鲁克,19.5,1470.0,和田市 -> 喀什市 -> 库车市 -> 巴音布鲁克,E049 -> E044 -> E042
和田市,库车市,15.5,1210.0,和田市 -> 喀什市 -> 库车市,E049 -> E044
和田市,塔什库尔干县(帕米尔高原),11.0,790.0,和田市 -> 喀什市 -> 塔什库尔干县(帕米尔高原),E049 -> E045
和田市,莎车县,9.0,690.0,和田市 -> 喀什市 -> 莎车县,E049 -> E047
和田市,和田市,0.0,0.0,和田市,
和田市,民丰县(尼雅遗址),1.5,110.0,和田市 -> 民丰县(尼雅遗址),E051
和田市,茫崖市,14.5,1170.0,和田市 -> 若羌县(楼兰) -> 茫崖市,E054 -> E055
民丰县(尼雅遗址),乌鲁木齐市,23.5,1871.0,民丰县(尼雅遗址) -> 和田市 -> 若羌县(楼兰) -> 库尔勒市 -> 乌鲁木齐市,E052 -> E054 -> E016 -> E012
民丰县(尼雅遗址),吐鲁番市,22.0,1770.0,民丰县(尼雅遗址) -> 和田市 -> 若羌县(楼兰) -> 库尔勒市 -> 吐鲁番市,E052 -> E054 -> E016 -> E014
民丰县(尼雅遗址),达坂城镇,23.8,1890.0,民丰县(尼雅遗址) -> 和田市 -> 若羌县(楼兰) -> 库尔勒市 -> 吐鲁番市 -> 达坂城镇,E052 -> E054 -> E016 -> E014 -> E029
民丰县(尼雅遗址),伊宁市(伊犁),26.5,1990.0,民丰县(尼雅遗址) -> 和田市 -> 喀什市 -> 库车市 -> 巴音布鲁克 -> 那拉提镇 -> 伊宁市(伊犁),E052 -> E049 -> E044 -> E042 -> E040 -> E018
民丰县(尼雅遗址),喀什市,8.0,610.0,民丰县(尼雅遗址) -> 和田市 -> 喀什市,E052 -> E049
民丰县(尼雅遗址),阿勒泰市,29.5,2371.0,民丰县(尼雅遗址) -> 和田市 -> 若羌县(楼兰) -> 库尔勒市 -> 乌鲁木齐市 -> 阿勒泰市,E052 -> E054 -> E016 -> E012 -> E009
民丰县(尼雅遗址),库尔勒市,17.5,1400.0,民丰县(尼雅遗址) -> 和田市 -> 若羌县(楼兰) -> 库尔勒市,E052 -> E054 -> E016
民丰县(尼雅遗址),若羌县(楼兰),11.5,930.0,民丰县(尼雅遗址) -> 和田市 -> 若羌县(楼兰),E052 -> E054
民丰县(尼雅遗址),那拉提镇,23.5,1740.0,民丰县(尼雅遗址) -> 和田市 -> 喀什市 -> 库车市 -> 巴音布鲁克 -> 那拉提镇,E052 -> E049 -> E044 -> E042 -> E040
民丰县(尼雅遗址),赛里木湖,28.5,2140.0,民丰县(尼雅遗址) -> 和田市 -> 喀什市 -> 库车市 -> 巴音布鲁克 -> 那拉提镇 -> 伊宁市(伊犁) -> 赛里木湖,E052 -> E049 -> E044 -> E042 -> E040 -> E018 -> E019
民丰县(尼雅遗址),天池风景区,25.0,1966.0,民丰县(尼雅遗址) -> 和田市 -> 若羌县(楼兰) -> 库尔勒市 -> 乌鲁木齐市 -> 天池风景区,E052 -> E054 -> E016 -> E012 -> E021
民丰县(尼雅遗址),可可托海,30.0,2401.0,民丰县(尼雅遗址) -> 和田市 -> 若羌县(楼兰) -> 库尔勒市 -> 乌鲁木齐市 -> 可可托海,E052 -> E054 -> E016 -> E012 -> E023
民丰县(尼雅遗址),禾木村,31.0,2491.0,民丰县(尼雅遗址) -> 和田市 -> 若羌县(楼兰) -> 库尔勒市 -> 乌鲁木齐市 -> 禾木村,E052 -> E054 -> E016 -> E012 -> E025
民丰县(尼雅遗址),白哈巴,32.0,2551.0,民丰县(尼雅遗址) -> 和田市 -> 若羌县(楼兰) -> 库尔勒市 -> 乌鲁木齐市 -> 白哈巴,E052 -> E054 -> E016 -> E012 -> E027
民丰县(尼雅遗址),鄯善县(库木塔格沙漠),23.2,1860.0,民丰县(尼雅遗址) -> 和田市 -> 若羌县(楼兰) -> 库尔勒市 -> 吐鲁番市 -> 鄯善县(库木塔格沙漠),E052 -> E054 -> E016 -> E014 -> E031
民丰县(尼雅遗址),霍城县(惠远古城),27.5,2035.0,民丰县(尼雅遗址) -> 和田市 -> 喀什市 -> 库车市 -> 巴音布鲁克 -> 那拉提镇 -> 伊宁市(伊犁) -> 霍城县(惠远古城),E052 -> E049 -> E044 -> E042 -> E040 -> E018 -> E033
民丰县(尼雅遗址),特克斯县(八卦城),28.5,2105.0,民丰县(尼雅遗址) -> 和田市 -> 喀什市 -> 库车市 -> 巴音布鲁克 -> 那拉提镇 -> 伊宁市(伊犁) -> 特克斯县(八卦城),E052 -> E049 -> E044 -> E042 -> E040 -> E018 -> E035
民丰县(尼雅遗址),昭苏县(夏塔古道),30.0,2170.0,民丰县(尼雅遗址) -> 和田市 -> 喀什市 -> 库车市 -> 巴音布鲁克 -> 那拉提镇 -> 伊宁市(伊犁) -> 昭苏县(夏塔古道),E052 -> E049 -> E044 -> E042 -> E040 -> E018 -> E037
民丰县(尼雅遗址),巴音布鲁克,21.0,1580.0,民丰县(尼雅遗址) -> 和田市 -> 喀什市 -> 库车市 -> 巴音布鲁克,E052 -> E049 -> E044 -> E042
民丰县(尼雅遗址),库车市,17.0,1320.0,民丰县(尼雅遗址) -> 和田市 -> 喀什市 -> 库车市,E052 -> E049 -> E044
民丰县(尼雅遗址),塔什库尔干县(帕米尔高原),12.5,900.0,民丰县(尼雅遗址) -> 和田市 -> 喀什市 -> 塔什库尔干县(帕米尔高原),E052 -> E049 -> E045
民丰县(尼雅遗址),莎车县,10.5,800.0,民丰县(尼雅遗址) -> 和田市 -> 喀什市 -> 莎车县,E052 -> E049 -> E047
民丰县(尼雅遗址),和田市,1.5,110.0,民丰县(尼雅遗址) -> 和田市,E052
民丰县(尼雅遗址),民丰县(尼雅遗址),0.0,0.0,民丰县(尼雅遗址),
民丰县(尼雅遗址),茫崖市,16.0,1280.0,民丰县(尼雅遗址) -> 和田市 -> 若羌县(楼兰) -> 茫崖市,E052 -> E054 -> E055
茫崖市,乌鲁木齐市,16.5,1291.0,茫崖市 -> 若羌县(楼兰) -> 库尔勒市 -> 乌鲁木齐市,E056 -> E016 -> E012
茫崖市,吐鲁番市,15.0,1190.0,茫崖市 -> 若羌县(楼兰) -> 库尔勒市 -> 吐鲁番市,E056 -> E016 -> E014
茫崖市,达坂城镇,16.8,1310.0,茫崖市 -> 若羌县(楼兰) -> 库尔勒市 -> 吐鲁番市 -> 达坂城镇,E056 -> E016 -> E014 -> E029
茫崖市,伊宁市(伊犁),23.5,1981.0,茫崖市 -> 若羌县(楼兰) -> 库尔勒市 -> 乌鲁木齐市 -> 伊宁市(伊犁),E056 -> E016 -> E012 -> E005
茫崖市,喀什市,21.0,1670.0,茫崖市 -> 若羌县(楼兰) -> 和田市 -> 喀什市,E056 -> E053 -> E049
茫崖市,阿勒泰市,22.5,1791.0,茫崖市 -> 若羌县(楼兰) -> 库尔勒市 -> 乌鲁木齐市 -> 阿勒泰市,E056 -> E016 -> E012 -> E009
茫崖市,库尔勒市,10.5,820.0,茫崖市 -> 若羌县(楼兰) -> 库尔勒市,E056 -> E016
茫崖市,若羌县(楼兰),4.5,350.0,茫崖市 -> 若羌县(楼兰),E056
茫崖市,那拉提镇,26.5,2231.0,茫崖市 -> 若羌县(楼兰) -> 库尔勒市 -> 乌鲁木齐市 -> 伊宁市(伊犁) -> 那拉提镇,E056 -> E016 -> E012 -> E005 -> E017
茫崖市,赛里木湖,25.5,2131.0,茫崖市 -> 若羌县(楼兰) -> 库尔勒市 -> 乌鲁木齐市 -> 伊宁市(伊犁) -> 赛里木湖,E056 -> E016 -> E012 -> E005 -> E019
茫崖市,天池风景区,18.0,1386.0,茫崖市 -> 若羌县(楼兰) -> 库尔勒市 -> 乌鲁木齐市 -> 天池风景区,E056 -> E016 -> E012 -> E021
茫崖市,可可托海,23.0,1821.0,茫崖市 -> 若羌县(楼兰) -> 库尔勒市 -> 乌鲁木齐市 -> 可可托海,E056 -> E016 -> E012 -> E023
茫崖市,禾木村,24.0,1911.0,茫崖市 -> 若羌县(楼兰) -> 库尔勒市 -> 乌鲁木齐市 -> 禾木村,E056 -> E016 -> E012 -> E025
茫崖市,白哈巴,25.0,1971.0,茫崖市 -> 若羌县(楼兰) -> 库尔勒市 -> 乌鲁木齐市 -> 白哈巴,E056 -> E016 -> E012 -> E027
茫崖市,鄯善县(库木塔格沙漠),16.2,1280.0,茫崖市 -> 若羌县(楼兰) -> 库尔勒市 -> 吐鲁番市 -> 鄯善县(库木塔格沙漠),E056 -> E016 -> E014 -> E031
茫崖市,霍城县(惠远古城),24.5,2026.0,茫崖市 -> 若羌县(楼兰) -> 库尔勒市 -> 乌鲁木齐市 -> 伊宁市(伊犁) -> 霍城县(惠远古城),E056 -> E016 -> E012 -> E005 -> E033
茫崖市,特克斯县(八卦城),25.5,2096.0,茫崖市 -> 若羌县(楼兰) -> 库尔勒市 -> 乌鲁木齐市 -> 伊宁市(伊犁) -> 特克斯县(八卦城),E056 -> E016 -> E012 -> E005 -> E035
茫崖市,昭苏县(夏塔古道),27.0,2161.0,茫崖市 -> 若羌县(楼兰) -> 库尔勒市 -> 乌鲁木齐市 -> 伊宁市(伊犁) -> 昭苏县(夏塔古道),E056 -> E016 -> E012 -> E005 -> E037
茫崖市,巴音布鲁克,29.0,2391.0,茫崖市 -> 若羌县(楼兰) -> 库尔勒市 -> 乌鲁木齐市 -> 伊宁市(伊犁) -> 那拉提镇 -> 巴音布鲁克,E056 -> E016 -> E012 -> E005 -> E017 -> E039
茫崖市,库车市,30.0,2380.0,茫崖市 -> 若羌县(楼兰) -> 和田市 -> 喀什市 -> 库车市,E056 -> E053 -> E049 -> E044
茫崖市,塔什库尔干县(帕米尔高原),25.5,1960.0,茫崖市 -> 若羌县(楼兰) -> 和田市 -> 喀什市 -> 塔什库尔干县(帕米尔高原),E056 -> E053 -> E049 -> E045
茫崖市,莎车县,23.5,1860.0,茫崖市 -> 若羌县(楼兰) -> 和田市 -> 喀什市 -> 莎车县,E056 -> E053 -> E049 -> E047
茫崖市,和田市,14.5,1170.0,茫崖市 -> 若羌县(楼兰) -> 和田市,E056 -> E053
茫崖市,民丰县(尼雅遗址),16.0,1280.0,茫崖市 -> 若羌县(楼兰) -> 和田市 -> 民丰县(尼雅遗址),E056 -> E053 -> E051
茫崖市,茫崖市,0.0,0.0,茫崖市,
